panel_id,week,tg,ii,age,income,education,gender,t_kakao_talk,t_anipang,t_kakao_story,t_kakao_game,n_kakao_game,t_non_kakao_game,n_non_kakao_game,t_non_kakao_story,n_non_kakao_story,t_non_kakao_talk,n_non_kakao_talk,t_non_kakao,n_non_kakao
10005,1,0,0,2,1,3,Male,3049,0,0,0,0,10102,5,0,0,2038,3,37004,37
10005,2,0,0,2,1,3,Male,1144,0,0,0,0,2971,3,0,0,985,3,18715,23
10039,1,0,0,5,4,2,Female,10265,0,144,0,0,0,0,0,0,1624,2,18339,15
10039,2,0,0,5,4,2,Female,5752,0,0,0,0,0,0,0,0,1571,1,8152,13
10152,1,0,0,1,3,1,Male,1713,0,167,0,0,0,0,20258,1,1201,1,62496,21
10152,2,0,0,1,3,1,Male,4714,0,484,0,0,0,0,14411,1,3759,1,70896,23
10204,1,0,0,3,4,4,Male,3574,0,3958,0,0,0,0,4929,2,1780,1,28948,28
10204,2,0,0,3,4,4,Male,2550,0,3809,0,0,0,0,1935,3,2423,1,49001,29
10233,1,0,0,3,3,4,Female,9627,0,7562,0,0,0,0,0,0,1179,1,37493,21
10233,2,0,0,3,3,4,Female,4993,0,1935,205,1,556,1,0,0,976,1,30545,18
10270,1,0,0,5,4,4,Male,1079,0,0,0,0,0,0,0,0,599,1,5697,8
10270,2,0,0,5,4,4,Male,117,0,0,0,0,0,0,0,0,22344,1,23987,8
10277,1,0,0,4,2,4,Female,2036,0,0,0,0,60,1,0,0,974,2,2915,14
10277,2,0,0,4,2,4,Female,3450,0,0,0,0,0,0,0,0,1064,1,7327,12
1029,1,0,0,5,4,4,Male,4859,0,0,0,0,0,0,0,0,2955,2,6029,15
1029,2,0,0,5,4,4,Male,3259,0,382,0,0,0,0,0,0,1574,2,4680,15
10370,1,0,0,3,3,4,Male,3657,0,0,0,0,43745,4,690,1,1462,3,66657,34
10370,2,0,0,3,3,4,Male,9037,0,280,0,0,30183,5,1392,2,1711,1,56573,39
10410,1,0,0,5,3,4,Male,274,0,9,0,0,2899,2,0,0,2754,2,13997,20
10410,2,0,0,5,3,4,Male,1682,0,1639,0,0,4467,3,0,0,2490,3,26405,28
10418,1,0,0,3,3,4,Male,0,0,0,0,0,454,2,0,0,1157,2,4078,13
10418,2,0,0,3,3,4,Male,0,0,0,0,0,169,5,3,1,999,2,5578,21
1043,1,0,0,4,3,4,Male,510,0,0,0,0,0,0,0,0,839,1,14114,18
1043,2,0,0,4,3,4,Male,350,0,0,0,0,0,0,0,0,1720,1,5571,13
10463,1,1,0,2,1,2,Female,119366,0,4976,0,0,1566,4,497,1,6957,4,47819,39
10463,2,1,1,2,1,2,Female,95875,3367,9794,1588,1,11,1,5721,2,4507,4,74397,42
10465,1,0,0,4,3,4,Female,5786,0,0,0,0,0,0,27,1,6647,1,30067,18
10465,2,0,0,4,3,4,Female,1824,0,838,0,0,0,0,0,0,8486,1,15112,15
10496,1,1,0,3,3,4,Female,4944,0,175,0,0,18027,2,0,0,6985,2,104512,35
10496,2,1,1,3,3,4,Female,3187,138,977,0,0,15024,2,0,0,3180,2,91932,34
1052,1,0,0,3,3,4,Female,596,0,140,0,0,10,1,0,0,20398,5,134877,28
1052,2,0,0,3,3,4,Female,944,0,482,0,0,0,0,0,0,21120,5,83650,29
10538,1,0,0,3,2,4,Male,4888,0,413,0,0,0,0,2380,3,2635,4,11294,21
10538,2,0,0,3,2,4,Male,2325,0,2131,0,0,583,1,883,3,6054,6,27418,35
1054,1,0,0,3,3,4,Male,0,0,0,0,0,0,0,3,1,4984,2,28911,33
1054,2,0,0,3,3,4,Male,0,0,0,0,0,2284,4,0,0,1526,3,42889,37
10551,1,0,0,3,3,4,Male,4888,0,413,0,0,0,0,2380,3,2635,4,11294,21
10551,2,0,0,3,3,4,Male,2325,0,2131,0,0,583,1,883,3,6054,6,27418,35
10589,1,0,0,3,4,4,Female,3554,0,2383,0,0,1625,3,0,0,1337,2,13719,23
10589,2,0,0,3,4,4,Female,630,0,1332,0,0,1272,12,0,0,2230,1,22252,37
10685,1,0,0,2,2,3,Male,16959,0,0,0,0,31354,1,1332,1,1215,1,83567,25
10685,2,0,0,2,2,3,Male,15175,0,4,0,0,52854,2,1267,1,399,1,114228,20
10787,1,1,0,2,3,3,Female,19059,0,1237,0,0,0,0,12999,2,164,1,37316,34
10787,2,1,1,2,3,3,Female,43271,2125,125,0,0,0,0,24688,3,627,1,68450,42
10813,1,0,0,5,3,2,Female,1999,0,154,0,0,0,0,0,0,1569,3,13927,18
10813,2,0,0,5,3,2,Female,673,0,25,0,0,251,1,0,0,1684,3,20314,31
10814,1,0,0,3,3,4,Female,3828,0,6864,0,0,10,1,0,0,8168,1,62524,27
10814,2,0,0,3,3,4,Female,1204,0,1817,0,0,7,1,0,0,5835,2,58725,25
10822,1,0,0,3,3,4,Male,334,0,0,0,0,9254,2,0,0,423,1,12669,15
10822,2,0,0,3,3,4,Male,225,0,0,0,0,28203,1,0,0,2573,1,52577,12
10831,1,0,0,2,3,3,Male,18315,0,95,0,0,23446,1,3719,2,1074,1,72247,35
10831,2,0,0,2,3,3,Male,12906,0,134,157,1,36577,1,3009,2,406,1,62101,38
10916,1,0,0,5,4,4,Male,0,0,0,0,0,0,0,0,0,2391,2,14347,9
10916,2,0,0,5,4,4,Male,0,0,0,0,0,0,0,0,0,910,2,33266,8
10934,1,1,0,3,3,3,Female,5994,0,0,0,0,0,0,0,0,3626,3,19736,28
10934,2,1,1,3,3,3,Female,4963,24,0,0,0,6,1,0,0,2029,1,17349,28
10944,1,0,0,2,2,4,Male,16959,0,0,0,0,31354,1,1332,1,1215,1,83567,25
10944,2,0,0,2,2,4,Male,15175,0,4,0,0,52854,2,1267,1,399,1,114228,20
11051,1,0,0,3,4,4,Female,5062,0,279,0,0,7824,3,51,1,2353,3,23855,32
11051,2,0,0,3,4,4,Female,2686,0,1892,0,0,1428,2,0,0,14910,2,26198,19
11113,1,0,0,3,4,4,Female,11465,0,0,0,0,2847,3,0,0,5502,3,43285,44
11113,2,0,0,3,4,4,Female,6607,0,0,0,0,4613,1,0,0,4981,4,53919,42
11122,1,0,0,3,3,4,Male,10656,0,4148,0,0,4560,1,0,0,1391,3,10502,15
11122,2,0,0,3,3,4,Male,267,0,3393,0,0,4873,1,0,0,486,2,6299,10
11139,1,0,0,5,2,2,Female,21324,0,83,0,0,6005,1,0,0,3912,3,14254,19
11139,2,0,0,5,2,2,Female,18530,0,0,0,0,1233,1,0,0,3895,1,10059,13
11179,1,0,0,3,3,4,Male,20127,0,298,0,0,0,0,0,0,2286,2,29792,24
11179,2,0,0,3,3,4,Male,21232,0,106,0,0,0,0,0,0,2749,1,13068,27
11205,1,0,0,3,2,2,Female,3829,0,6879,0,0,0,0,0,0,2373,2,28170,15
11205,2,0,0,3,2,2,Female,9555,0,8364,0,0,0,0,0,0,762,3,6769,21
11208,1,0,0,4,2,2,Male,115,0,314,0,0,139,1,118,1,306,1,13782,10
11208,2,0,0,4,2,2,Male,279,0,55,0,0,2302,1,0,0,148,1,3605,4
11239,1,0,0,1,1,3,Female,296,0,0,0,0,63652,7,0,0,124,1,159257,29
11239,2,0,0,1,1,3,Female,1708,0,0,0,0,19558,3,0,0,313,1,127847,24
11241,1,0,0,1,3,1,Male,3715,0,0,0,0,21661,4,10155,1,2841,2,57741,32
11241,2,0,0,1,3,1,Male,2681,0,0,0,0,31932,6,8354,1,906,3,54101,39
11246,1,0,0,5,2,2,Female,21324,0,83,0,0,6005,1,0,0,3912,3,14254,19
11246,2,0,0,5,2,2,Female,18530,0,0,0,0,1233,1,0,0,3895,1,10059,13
1125,1,0,0,3,3,4,Male,219,0,307,0,0,1188,1,0,0,97,1,4303,10
1125,2,0,0,3,3,4,Male,969,0,754,0,0,1302,3,0,0,6789,1,17628,26
11267,1,0,0,5,2,2,Female,0,0,0,0,0,0,0,0,0,3057,1,10254,6
11267,2,0,0,5,2,2,Female,0,0,0,0,0,0,0,0,0,4492,1,39898,9
1127,1,0,0,3,4,4,Male,767,0,0,0,0,39,1,0,0,2195,2,13145,22
1127,2,0,0,3,4,4,Male,487,0,0,0,0,0,0,0,0,2947,1,34329,19
11336,1,0,0,1,4,1,Male,702,0,0,0,0,76831,7,237,1,1124,1,226305,27
11336,2,0,0,1,4,1,Male,114,0,0,326,1,9238,7,144,1,563,1,165105,30
11340,1,0,0,1,4,1,Male,28386,0,9053,0,0,5805,3,30,1,752,2,48545,23
11340,2,0,0,1,4,1,Male,46243,0,24422,0,0,589,3,0,0,176,3,45713,23
11341,1,0,0,1,3,1,Male,3715,0,0,0,0,21661,4,10155,1,2841,2,57741,32
11341,2,0,0,1,3,1,Male,2681,0,0,0,0,31932,6,8354,1,906,3,54101,39
11361,1,0,0,3,4,4,Male,257,0,0,0,0,0,0,0,0,4082,3,19114,15
11361,2,0,0,3,4,4,Male,849,0,0,0,0,0,0,0,0,526,3,958,9
11375,1,0,0,2,2,3,Female,17103,0,0,0,0,0,0,34,1,628,2,34279,30
11375,2,0,0,2,2,3,Female,8102,0,0,0,0,333,1,597,1,742,3,36951,33
11383,1,0,0,1,2,1,Female,13995,0,814,0,0,0,0,805,2,689,1,39322,46
11383,2,0,0,1,2,1,Female,2150,0,706,0,0,0,0,574,2,654,1,74100,41
11391,1,0,0,5,3,2,Female,1999,0,154,0,0,0,0,0,0,1569,3,13927,18
11391,2,0,0,5,3,2,Female,673,0,25,0,0,251,1,0,0,1684,3,20314,31
11392,1,0,0,1,4,1,Female,8577,0,846,0,0,10866,2,0,0,4099,2,180738,27
11392,2,0,0,1,4,1,Female,1485,0,867,0,0,10699,7,153,1,1256,3,120943,33
11393,1,0,0,4,4,4,Female,1543,0,0,0,0,821,1,0,0,1830,1,7884,16
11393,2,0,0,4,4,4,Female,966,0,0,0,0,0,0,0,0,2031,2,5880,17
11407,1,0,0,1,4,1,Male,28386,0,9053,0,0,5805,3,30,1,752,2,48545,23
11407,2,0,0,1,4,1,Male,46243,0,24422,0,0,589,3,0,0,176,3,45713,23
11447,1,0,0,2,3,3,Male,12634,0,0,0,0,0,0,701,2,2760,3,31315,22
11447,2,0,0,2,3,3,Male,44610,0,0,0,0,0,0,157,1,83,2,59559,20
11507,1,0,0,3,3,2,Male,3810,0,2239,0,0,0,0,608,2,3892,3,42252,34
11507,2,0,0,3,3,2,Male,10247,0,2011,0,0,0,0,226,2,1645,2,49833,27
11522,1,0,0,3,4,3,Male,6658,0,0,0,0,25395,4,0,0,9614,6,58942,31
11522,2,0,0,3,4,3,Male,836,0,0,0,0,1062,1,0,0,28326,3,81013,13
11561,1,0,0,3,2,2,Male,3530,0,59,0,0,4677,2,0,0,663,3,48970,27
11561,2,0,0,3,2,2,Male,3119,0,373,632,1,2869,2,0,0,1694,2,36983,34
11580,1,0,0,4,3,4,Male,6983,0,259,0,0,2791,7,0,0,58837,2,99478,29
11580,2,0,0,4,3,4,Male,1186,0,0,0,0,606,2,13,1,1797,2,39702,20
11583,1,0,0,1,4,1,Female,8577,0,846,0,0,10866,2,0,0,4099,2,180738,27
11583,2,0,0,1,4,1,Female,1485,0,867,0,0,10699,7,153,1,1256,3,120943,33
1159,1,0,0,5,4,4,Male,0,0,0,0,0,0,0,0,0,2406,1,69640,13
1159,2,0,0,5,4,4,Male,0,0,0,0,0,0,0,0,0,7043,1,88443,12
11673,1,0,0,1,2,1,Female,13995,0,814,0,0,0,0,805,2,689,1,39322,46
11673,2,0,0,1,2,1,Female,2150,0,706,0,0,0,0,574,2,654,1,74100,41
1169,1,0,0,3,4,4,Male,0,0,0,0,0,0,0,0,0,4496,2,21989,21
1169,2,0,0,3,4,4,Male,0,0,0,0,0,0,0,0,0,3642,2,28454,14
11700,1,0,0,1,3,1,Male,1713,0,167,0,0,0,0,20258,1,1201,1,62496,21
11700,2,0,0,1,3,1,Male,4714,0,484,0,0,0,0,14411,1,3759,1,70896,23
11743,1,0,0,3,3,4,Male,1420,0,0,0,0,0,0,70,1,11156,1,34415,21
11743,2,0,0,3,3,4,Male,1189,0,3,0,0,0,0,0,0,4248,1,62150,23
11745,1,0,0,3,3,4,Male,1788,0,2560,0,0,0,0,0,0,385,1,2943,7
11745,2,0,0,3,3,4,Male,748,0,1283,0,0,0,0,0,0,260,1,4049,12
11783,1,0,0,3,3,3,Female,0,0,0,0,0,0,0,0,0,840,1,11033,13
11783,2,0,0,3,3,3,Female,0,0,0,0,0,0,0,0,0,1388,1,19510,8
11795,1,0,0,1,2,1,Female,13995,0,814,0,0,0,0,805,2,689,1,39322,46
11795,2,0,0,1,2,1,Female,2150,0,706,0,0,0,0,574,2,654,1,74100,41
11796,1,0,0,4,3,2,Female,123,0,0,0,0,0,0,0,0,4995,1,25940,15
11796,2,0,0,4,3,2,Female,8427,0,0,0,0,0,0,0,0,5872,1,7323,13
11852,1,1,0,2,2,3,Female,12190,0,0,0,0,4412,5,0,0,2269,2,25875,29
11852,2,1,1,2,2,3,Female,9562,588,0,900,1,7084,4,0,0,5794,2,36803,27
11892,1,0,0,3,3,4,Female,32616,0,6288,0,0,2403,9,0,0,5803,4,36252,50
11892,2,0,0,3,3,4,Female,26639,0,8825,0,0,15,1,0,0,5646,5,55971,33
11903,1,0,0,2,1,3,Female,12924,0,0,0,0,0,0,0,0,382,1,4328,10
11903,2,0,0,2,1,3,Female,12812,0,0,0,0,0,0,1087,1,788,1,27073,22
1194,1,1,0,3,3,4,Male,5803,0,0,0,0,5693,1,0,0,4893,2,61931,22
1194,2,1,1,3,3,4,Male,11190,2051,0,30847,2,2496,2,0,0,2832,3,33205,29
11990,1,0,0,4,2,2,Female,16938,0,0,0,0,16166,1,0,0,457,1,34684,16
11990,2,0,0,4,2,2,Female,3319,0,0,0,0,14967,1,0,0,554,1,30357,14
12000,1,0,0,2,2,4,Female,30739,0,3707,0,0,0,0,30021,3,1936,4,79252,43
12000,2,0,0,2,2,4,Female,36305,0,3325,0,0,0,0,18914,3,4848,2,72302,37
1201,1,0,0,3,2,4,Male,6404,0,0,0,0,28671,3,0,0,2464,2,81892,30
1201,2,0,0,3,2,4,Male,2232,0,0,0,0,36056,4,1107,1,3449,2,84917,30
12046,1,0,0,3,2,4,Female,596,0,140,0,0,10,1,0,0,20398,5,134877,28
12046,2,0,0,3,2,4,Female,944,0,482,0,0,0,0,0,0,21120,5,83650,29
12116,1,0,0,4,2,4,Male,8911,0,1106,0,0,0,0,937,2,9316,5,57882,33
12116,2,0,0,4,2,4,Male,4191,0,0,0,0,0,0,0,0,3326,3,44237,25
12122,1,0,0,2,4,3,Male,57060,0,0,0,0,0,0,23488,1,1524,3,36657,27
12122,2,0,0,2,4,3,Male,22985,0,0,0,0,0,0,40899,1,25783,2,77840,29
12156,1,0,0,5,4,4,Male,3247,0,0,0,0,0,0,0,0,1032,1,8617,14
12156,2,0,0,5,4,4,Male,1095,0,0,0,0,0,0,0,0,2791,1,25630,7
12170,1,0,0,1,4,1,Female,8577,0,846,0,0,10866,2,0,0,4099,2,180738,27
12170,2,0,0,1,4,1,Female,1485,0,867,0,0,10699,7,153,1,1256,3,120943,33
12236,1,0,0,3,4,4,Male,1864,0,595,0,0,0,0,0,0,3734,2,63482,18
12236,2,0,0,3,4,4,Male,8253,0,520,0,0,306,1,0,0,1418,2,25082,20
12270,1,0,0,2,2,2,Male,22908,0,1819,0,0,34179,2,391,1,661,1,72319,21
12270,2,0,0,2,2,2,Male,11394,0,3765,0,0,26498,2,244,2,1605,1,48791,26
12300,1,0,0,3,4,3,Male,1470,0,1882,0,0,0,0,3,1,1075,2,10520,16
12300,2,0,0,3,4,3,Male,2298,0,2040,0,0,0,0,4,1,1329,3,10302,26
12302,1,0,0,4,3,4,Male,521,0,0,0,0,19040,11,0,0,640,1,30946,35
12302,2,0,0,4,3,4,Male,649,0,0,0,0,4173,5,0,0,286,1,23209,27
12333,1,0,0,3,2,3,Male,5205,0,24,0,0,4683,3,0,0,2002,1,16632,14
12333,2,0,0,3,2,3,Male,5821,0,0,0,0,8898,1,0,0,3707,1,20329,13
12363,1,0,0,3,3,4,Male,3287,0,1657,0,0,0,0,0,0,201,1,29842,10
12363,2,0,0,3,3,4,Male,10131,0,973,0,0,0,0,0,0,67,1,2023,11
12381,1,0,0,4,4,4,Female,2413,0,0,0,0,0,0,0,0,14695,3,35491,23
12381,2,0,0,4,4,4,Female,10472,0,0,0,0,0,0,0,0,7904,3,25864,18
12406,1,0,0,2,2,2,Female,251,0,0,0,0,7137,1,0,0,2111,1,38047,10
12406,2,0,0,2,2,2,Female,5212,0,0,0,0,4613,1,0,0,890,1,8319,10
12424,1,0,0,2,2,4,Male,33567,0,0,0,0,0,0,2856,2,680,4,40613,36
12424,2,0,0,2,2,4,Male,56607,0,0,0,0,0,0,4513,2,837,3,76289,28
1244,1,0,0,3,3,4,Male,9983,0,967,0,0,0,0,849,1,569,1,14778,25
1244,2,0,0,3,3,4,Male,952,0,0,0,0,0,0,907,1,1894,3,48842,27
12543,1,0,0,4,3,4,Male,1001,0,0,0,0,0,0,0,0,9838,3,32553,26
12543,2,0,0,4,3,4,Male,1903,0,0,0,0,0,0,0,0,13353,4,22357,28
12552,1,0,0,2,3,3,Female,30257,0,10126,0,0,560,1,4214,1,1243,2,86604,21
12552,2,0,0,2,3,3,Female,34792,0,4766,0,0,0,0,2965,1,989,2,100898,23
12580,1,0,0,5,3,4,Male,3216,0,404,0,0,0,0,100,1,1845,2,76244,16
12580,2,0,0,5,3,4,Male,91,0,0,0,0,0,0,146,1,227,1,5955,10
12592,1,0,0,2,2,3,Female,14185,0,0,0,0,0,0,0,0,1039,2,27193,13
12592,2,0,0,2,2,3,Female,18700,0,0,0,0,0,0,54,1,621,1,25361,19
12634,1,0,0,1,4,1,Female,4034,0,3989,0,0,13820,15,169,1,1649,2,35405,45
12634,2,0,0,1,4,1,Female,2983,0,6320,0,0,16091,21,1823,2,1132,2,59171,51
1265,1,0,0,4,2,4,Male,2824,0,78,0,0,0,0,0,0,18146,2,26224,31
1265,2,0,0,4,2,4,Male,1885,0,7,0,0,0,0,0,0,2536,4,8737,23
12651,1,0,0,4,3,4,Male,3405,0,104,0,0,0,0,0,0,1520,1,15141,28
12651,2,0,0,4,3,4,Male,8146,0,21,0,0,0,0,0,0,1357,1,31504,30
12654,1,0,0,1,2,1,Female,136533,0,30082,0,0,0,0,9295,1,707,3,16246,26
12654,2,0,0,1,2,1,Female,161971,0,20011,0,0,0,0,6453,1,319,3,20191,26
12668,1,0,0,3,2,2,Female,9674,0,0,0,0,0,0,0,0,3034,2,7347,15
12668,2,0,0,3,2,2,Female,27581,0,0,0,0,0,0,0,0,1123,2,4429,16
12678,1,0,0,4,4,4,Male,434,0,17,0,0,5521,2,0,0,1858,1,62096,36
12678,2,0,0,4,4,4,Male,887,0,9,0,0,13680,3,0,0,2735,1,119351,46
12686,1,1,0,2,3,3,Female,32260,0,980,0,0,0,0,7239,2,564,1,33457,27
12686,2,1,1,2,3,3,Female,26319,503,372,0,0,0,0,5463,2,61,2,52553,34
12745,1,0,0,3,3,4,Female,1793,0,0,0,0,0,0,0,0,2749,2,5503,11
12745,2,0,0,3,3,4,Female,105,0,0,0,0,0,0,10,1,1889,1,6793,11
12773,1,0,0,2,4,3,Female,47082,0,0,0,0,2304,2,8233,2,463,2,145858,40
12773,2,0,0,2,4,3,Female,32033,0,0,0,0,514,1,2867,2,945,3,191667,47
12849,1,0,0,2,4,3,Female,14744,0,0,0,0,0,0,0,0,2900,3,75185,46
12849,2,0,0,2,4,3,Female,74754,0,0,0,0,0,0,0,0,2470,2,34582,32
1287,1,0,0,3,4,4,Male,0,0,0,0,0,0,0,0,0,9617,3,31488,18
1287,2,0,0,3,4,4,Male,2682,0,0,0,0,0,0,0,0,6803,3,15214,27
1289,1,0,0,4,1,4,Male,1350,0,770,0,0,30046,1,10,1,1967,2,50120,31
1289,2,0,0,4,1,4,Male,1507,0,145,0,0,5873,1,0,0,1588,2,64151,26
12890,1,0,0,3,3,4,Female,0,0,0,0,0,78069,2,0,0,2214,1,82432,18
12890,2,0,0,3,3,4,Female,0,0,0,0,0,136308,6,0,0,2178,1,140473,20
1290,1,0,0,3,3,4,Male,12,0,0,0,0,0,0,0,0,1111,4,8668,18
1290,2,0,0,3,3,4,Male,9,0,0,0,0,0,0,0,0,24499,3,44487,27
12904,1,0,0,3,2,4,Female,52137,0,4236,0,0,16635,2,0,0,3761,3,30892,31
12904,2,0,0,3,2,4,Female,24932,0,11052,0,0,29815,2,0,0,23687,2,71050,25
12999,1,0,0,3,3,4,Female,8797,0,8290,0,0,0,0,0,0,7603,2,33974,22
12999,2,0,0,3,3,4,Female,14045,0,7213,0,0,767,2,3,1,4597,4,47836,34
13032,1,0,0,4,3,2,Male,0,0,0,0,0,0,0,0,0,9222,4,37028,25
13032,2,0,0,4,3,2,Male,0,0,0,0,0,0,0,0,0,13062,3,48760,27
13143,1,0,0,1,3,1,Female,36178,0,0,0,0,61,2,0,0,14963,2,72498,33
13143,2,0,0,1,3,1,Female,53775,0,0,0,0,0,0,0,0,11767,3,81750,24
1317,1,0,0,4,3,4,Male,28012,0,120,0,0,0,0,12949,2,7767,3,53018,41
1317,2,0,0,4,3,4,Male,33143,0,0,0,0,0,0,9173,2,6861,2,79818,42
13200,1,0,0,1,3,1,Female,2827,0,1224,0,0,1180,2,0,0,5525,2,9462,20
13200,2,0,0,1,3,1,Female,0,0,0,0,0,0,0,0,0,0,0,3,1
13205,1,0,0,4,3,4,Female,27376,0,0,0,0,0,0,0,0,9575,1,25478,24
13205,2,0,0,4,3,4,Female,3460,0,0,0,0,0,0,0,0,6215,1,15833,19
13232,1,0,0,3,3,2,Female,3087,0,11,0,0,0,0,0,0,1298,3,21551,29
13232,2,0,0,3,3,2,Female,1016,0,0,5494,1,0,0,0,0,3145,3,50155,29
13233,1,0,0,5,4,4,Male,219,0,0,0,0,0,0,0,0,1167,1,6545,10
13233,2,0,0,5,4,4,Male,0,0,0,0,0,0,0,0,0,2208,1,19922,9
13244,1,0,0,1,3,1,Male,2158,0,946,0,0,8794,6,0,0,17673,4,59923,36
13244,2,0,0,1,3,1,Male,22690,0,0,0,0,2187,3,0,0,12300,2,49305,23
13305,1,0,0,2,1,3,Female,12159,0,0,0,0,23611,8,0,0,224,1,153447,40
13305,2,0,0,2,1,3,Female,12547,0,436,0,0,40826,5,1900,1,414,1,152648,41
13307,1,0,0,3,4,4,Male,15800,0,3100,0,0,0,0,17344,2,8404,2,51178,35
13307,2,0,0,3,4,4,Male,19798,0,1250,0,0,0,0,17909,2,6408,2,45100,31
13343,1,1,0,3,3,4,Female,3027,0,551,0,0,5471,2,0,0,448,1,7741,17
13343,2,1,1,3,3,4,Female,3896,1521,3974,3196,2,3416,2,0,0,5329,2,24172,32
13356,1,1,0,3,2,2,Male,19634,0,11467,0,0,43451,5,0,0,1209,2,115236,32
13356,2,1,1,3,2,2,Male,10940,429,16047,0,0,27031,3,0,0,1029,1,89383,27
13359,1,0,0,4,3,4,Female,27376,0,0,0,0,0,0,0,0,9575,1,25478,24
13359,2,0,0,4,3,4,Female,3460,0,0,0,0,0,0,0,0,6215,1,15833,19
13543,1,0,0,3,3,4,Male,7944,0,1665,0,0,0,0,0,0,3487,2,8746,20
13543,2,0,0,3,3,4,Male,9606,0,349,0,0,36,2,0,0,6406,2,12544,19
13551,1,0,0,5,4,4,Female,3003,0,409,0,0,0,0,0,0,104,1,2266,9
13551,2,0,0,5,4,4,Female,4165,0,145,0,0,0,0,0,0,1125,1,2502,12
13600,1,0,0,5,2,4,Male,23809,0,0,0,0,0,0,0,0,2046,2,11384,22
13600,2,0,0,5,2,4,Male,2621,0,0,0,0,0,0,0,0,1631,1,28968,14
13606,1,0,0,2,2,3,Female,60183,0,0,0,0,119491,4,2353,1,195,1,130467,25
13606,2,0,0,2,2,3,Female,99011,0,0,0,0,91367,4,3731,1,604,1,104044,29
13647,1,0,0,4,4,2,Female,20073,0,0,0,0,0,0,0,0,8614,3,25537,25
13647,2,0,0,4,4,2,Female,40578,0,0,0,0,0,0,0,0,11254,3,40074,26
13682,1,0,0,4,4,4,Male,3912,0,113,0,0,15923,2,22,2,373,3,66651,38
13682,2,0,0,4,4,4,Male,187,0,268,36,1,10845,3,4612,4,884,4,27204,38
13713,1,0,0,3,4,4,Female,0,0,0,0,0,0,0,0,0,1856,1,3929,12
13713,2,0,0,3,4,4,Female,0,0,0,0,0,0,0,6,1,724,1,29302,16
13806,1,0,0,2,2,4,Male,36499,0,102,0,0,35665,2,4848,2,325,1,59007,21
13806,2,0,0,2,2,4,Male,38656,0,0,0,0,0,0,2252,2,517,2,18793,21
13852,1,0,0,3,2,2,Female,9076,0,5968,0,0,379,3,10,1,1498,2,12126,21
13852,2,0,0,3,2,2,Female,5107,0,5663,0,0,0,0,0,0,1083,3,19879,23
13859,1,0,0,3,2,4,Female,265,0,2021,0,0,357,1,0,0,1386,2,17499,39
13859,2,0,0,3,2,4,Female,10034,0,3471,0,0,153,1,0,0,15188,2,52638,31
13876,1,0,0,4,3,4,Female,1895,0,190,0,0,85,1,0,0,2614,1,11660,14
13876,2,0,0,4,3,4,Female,3976,0,67,0,0,1126,2,0,0,2268,1,12081,10
139,1,0,0,3,3,4,Male,3657,0,0,0,0,43745,4,690,1,1462,3,66657,34
139,2,0,0,3,3,4,Male,9037,0,280,0,0,30183,5,1392,2,1711,1,56573,39
13921,1,0,0,3,3,4,Male,1554,0,0,0,0,0,0,0,0,7085,1,27527,17
13921,2,0,0,3,3,4,Male,3168,0,0,0,0,0,0,0,0,3845,1,16623,19
13964,1,0,0,3,3,4,Female,19558,0,4572,0,0,0,0,53,1,4717,1,69671,21
13964,2,0,0,3,3,4,Female,10006,0,26635,0,0,3895,3,0,0,2151,2,21240,29
13984,1,0,0,2,3,3,Female,2377,0,0,0,0,4220,1,10411,2,1096,1,130151,30
13984,2,0,0,2,3,3,Female,2581,0,0,0,0,4570,2,5950,2,397,1,153315,27
13985,1,0,0,2,3,4,Male,6079,0,0,0,0,0,0,0,0,2414,1,29087,25
13985,2,0,0,2,3,4,Male,11365,0,0,0,0,63,1,0,0,4694,2,31672,24
1401,1,0,0,4,3,4,Male,3642,0,1283,0,0,0,0,49,1,1287,2,26238,38
1401,2,0,0,4,3,4,Male,578,0,1115,0,0,0,0,0,0,5927,1,65542,41
14020,1,0,0,3,3,4,Male,2061,0,809,0,0,1053,4,487,1,265,2,7886,22
14020,2,0,0,3,3,4,Male,944,0,455,0,0,25215,4,217,1,71,1,28444,16
14072,1,0,0,2,2,3,Female,16354,0,0,0,0,2122,4,10957,1,2650,5,42338,43
14072,2,0,0,2,2,3,Female,29725,0,0,0,0,0,0,6606,1,1642,3,41519,46
14076,1,0,0,5,4,2,Female,10265,0,144,0,0,0,0,0,0,1624,2,18339,15
14076,2,0,0,5,4,2,Female,5752,0,0,0,0,0,0,0,0,1571,1,8152,13
14077,1,0,0,5,4,4,Female,22179,0,0,0,0,0,0,0,0,1337,2,25992,19
14077,2,0,0,5,4,4,Female,14800,0,0,0,0,0,0,0,0,883,1,19438,15
14080,1,0,0,2,4,3,Male,57060,0,0,0,0,0,0,23488,1,1524,3,36657,27
14080,2,0,0,2,4,3,Male,22985,0,0,0,0,0,0,40899,1,25783,2,77840,29
14082,1,0,0,4,3,1,Female,1506,0,73,0,0,0,0,0,0,1340,2,16249,14
14082,2,0,0,4,3,1,Female,1274,0,100,0,0,0,0,4,1,19217,2,26812,20
14083,1,0,0,1,2,1,Female,8589,0,6449,0,0,1200,3,13794,1,2173,3,28622,31
14083,2,0,0,1,2,1,Female,28763,0,8387,0,0,6263,6,28010,2,12843,5,88565,48
14084,1,0,0,1,3,1,Male,572,0,3526,0,0,25,1,0,0,4756,1,36084,20
14084,2,0,0,1,3,1,Male,3623,0,4206,0,0,698,1,0,0,2868,1,30517,22
14108,1,0,0,2,2,3,Male,7264,0,276,0,0,38,1,4564,5,691,2,37552,41
14108,2,0,0,2,2,3,Male,668,0,46,0,0,75,1,613,5,5573,2,74684,29
14110,1,0,0,5,3,2,Male,0,0,0,0,0,0,0,0,0,649,1,3234,11
14110,2,0,0,5,3,2,Male,0,0,0,0,0,2773,2,0,0,171,1,6707,13
14185,1,1,0,3,3,4,Male,9692,0,7544,0,0,26394,5,0,0,2795,1,80211,32
14185,2,1,1,3,3,4,Male,6141,14338,5430,1118,1,30805,2,0,0,1713,1,58742,25
14199,1,0,0,4,3,2,Female,123,0,0,0,0,0,0,0,0,4995,1,25940,15
14199,2,0,0,4,3,2,Female,8427,0,0,0,0,0,0,0,0,5872,1,7323,13
14262,1,0,0,1,4,1,Male,5670,0,4868,0,0,0,0,0,0,2466,2,44367,11
14262,2,0,0,1,4,1,Male,5353,0,3652,0,0,1954,2,0,0,1191,2,13464,13
14312,1,0,0,1,3,1,Male,24528,0,0,0,0,0,0,33757,1,3463,1,103964,36
14312,2,0,0,1,3,1,Male,72521,0,0,0,0,0,0,16340,1,882,1,66454,33
14330,1,0,0,1,3,1,Male,2055,0,0,0,0,10610,5,0,0,1202,1,25704,20
14330,2,0,0,1,3,1,Male,17622,0,0,0,0,5154,1,0,0,2270,2,18277,21
14340,1,0,0,1,4,1,Male,28386,0,9053,0,0,5805,3,30,1,752,2,48545,23
14340,2,0,0,1,4,1,Male,46243,0,24422,0,0,589,3,0,0,176,3,45713,23
14343,1,0,0,1,4,1,Female,8577,0,846,0,0,10866,2,0,0,4099,2,180738,27
14343,2,0,0,1,4,1,Female,1485,0,867,0,0,10699,7,153,1,1256,3,120943,33
14358,1,0,0,1,4,1,Female,3668,0,627,0,0,3746,1,39,1,617,3,29934,28
14358,2,0,0,1,4,1,Female,1684,0,323,0,0,7056,1,3,1,904,3,22631,27
14359,1,0,0,1,4,1,Female,3668,0,627,0,0,3746,1,39,1,617,3,29934,28
14359,2,0,0,1,4,1,Female,1684,0,323,0,0,7056,1,3,1,904,3,22631,27
14374,1,0,0,1,3,1,Male,3715,0,0,0,0,21661,4,10155,1,2841,2,57741,32
14374,2,0,0,1,3,1,Male,2681,0,0,0,0,31932,6,8354,1,906,3,54101,39
14392,1,0,0,3,2,4,Female,33798,0,7523,0,0,106,1,8,1,3196,2,37440,37
14392,2,0,0,3,2,4,Female,27567,0,3996,0,0,0,0,33,1,7165,3,36121,35
14408,1,0,0,4,4,2,Female,4832,0,0,0,0,196,2,0,0,1225,1,7027,18
14408,2,0,0,4,4,2,Female,20333,0,379,0,0,0,0,59,1,421,1,2509,9
14448,1,0,0,1,4,1,Male,54984,0,286,0,0,0,0,64,1,10041,1,29090,15
14448,2,0,0,1,4,1,Male,16091,0,0,0,0,40,1,0,0,15606,3,46329,17
1445,1,0,0,3,2,4,Male,2977,0,0,0,0,0,0,0,0,1156,2,32937,18
1445,2,0,0,3,2,4,Male,26668,0,0,0,0,0,0,0,0,279,2,8132,16
14456,1,0,0,3,3,4,Female,3358,0,1353,0,0,0,0,1587,1,3175,3,29022,18
14456,2,0,0,3,3,4,Female,1253,0,2176,0,0,0,0,30,1,11304,3,33390,21
14475,1,0,0,3,2,4,Female,15280,0,0,0,0,267,1,1537,1,1398,1,9475,25
14475,2,0,0,3,2,4,Female,9437,0,0,0,0,6,1,649,1,1574,2,29106,27
14497,1,0,0,2,3,4,Female,13878,0,1858,0,0,229,1,374,1,1156,2,91885,41
14497,2,0,0,2,3,4,Female,25213,0,1680,0,0,0,0,162,1,1496,3,123903,41
14524,1,0,0,5,3,4,Female,2102,0,0,0,0,0,0,0,0,1998,1,16177,15
14524,2,0,0,5,3,4,Female,3129,0,0,0,0,0,0,0,0,35041,1,43015,18
14536,1,0,0,4,4,4,Male,5887,0,0,0,0,0,0,0,0,3284,4,21420,23
14536,2,0,0,4,4,4,Male,2545,0,0,0,0,0,0,0,0,4718,3,24877,28
14557,1,0,0,3,3,4,Male,559,0,0,0,0,3980,1,0,0,777,1,27904,14
14557,2,0,0,3,3,4,Male,143,0,0,0,0,3858,2,0,0,356,1,64680,23
14596,1,0,0,2,3,4,Female,8093,0,677,0,0,0,0,62,1,966,1,18786,19
14596,2,0,0,2,3,4,Female,29870,0,606,0,0,0,0,0,0,2199,1,9102,19
14649,1,0,0,5,3,2,Female,1999,0,154,0,0,0,0,0,0,1569,3,13927,18
14649,2,0,0,5,3,2,Female,673,0,25,0,0,251,1,0,0,1684,3,20314,31
14688,1,0,0,4,3,4,Female,1593,0,316,0,0,9205,2,0,0,3407,1,16427,19
14688,2,0,0,4,3,4,Female,1466,0,1373,0,0,13823,1,0,0,5402,1,37625,13
14701,1,0,0,5,3,2,Female,2102,0,0,0,0,0,0,0,0,1998,1,16177,15
14701,2,0,0,5,3,2,Female,3129,0,0,0,0,0,0,0,0,35041,1,43015,18
14714,1,0,0,3,3,4,Female,25841,0,10139,0,0,0,0,0,0,1508,2,16011,25
14714,2,0,0,3,3,4,Female,31668,0,6601,0,0,0,0,0,0,16013,2,27849,24
14740,1,0,0,4,2,2,Female,3380,0,0,0,0,1609,1,0,0,6844,1,22207,24
14740,2,0,0,4,2,2,Female,3482,0,0,0,0,2062,2,0,0,11821,1,23773,19
1479,1,1,0,4,4,4,Male,5619,0,223,0,0,1421,2,0,0,5091,2,48344,23
1479,2,1,1,4,4,4,Male,5435,133,0,0,0,1496,1,0,0,4432,2,62819,28
14811,1,1,0,4,4,2,Female,12600,0,0,0,0,181,1,0,0,4306,3,19033,23
14811,2,1,1,4,4,2,Female,21357,372,18,308,1,1552,5,0,0,4384,2,17703,28
14830,1,0,0,2,4,4,Female,9834,0,21,0,0,0,0,0,0,3807,3,16441,18
14830,2,0,0,2,4,4,Female,8366,0,0,0,0,0,0,0,0,1546,2,8059,18
14854,1,0,0,5,3,2,Female,1815,0,0,0,0,0,0,0,0,142,1,1059,8
14854,2,0,0,5,3,2,Female,3663,0,0,0,0,0,0,0,0,960,2,3006,12
14888,1,0,0,2,3,4,Female,8220,0,0,0,0,0,0,74,1,1814,1,4973,16
14888,2,0,0,2,3,4,Female,5065,0,0,0,0,0,0,9,1,1732,1,13257,13
14903,1,0,0,1,3,1,Male,24528,0,0,0,0,0,0,33757,1,3463,1,103964,36
14903,2,0,0,1,3,1,Male,72521,0,0,0,0,0,0,16340,1,882,1,66454,33
14917,1,0,0,1,3,1,Female,4034,0,3989,0,0,13820,15,169,1,1649,2,35405,45
14917,2,0,0,1,3,1,Female,2983,0,6320,0,0,16091,21,1823,2,1132,2,59171,51
14923,1,0,0,4,3,4,Female,0,0,0,0,0,0,0,0,0,1068,3,9398,12
14923,2,0,0,4,3,4,Female,0,0,0,0,0,60,1,0,0,16551,2,40373,20
1493,1,0,0,3,4,4,Male,761,0,0,0,0,0,0,1100,3,2161,3,5465,14
1493,2,0,0,3,4,4,Male,6212,0,0,0,0,0,0,20742,3,23058,3,87486,18
14948,1,0,0,4,4,4,Male,2673,0,909,0,0,0,0,0,0,5251,3,45318,25
14948,2,0,0,4,4,4,Male,849,0,0,0,0,0,0,0,0,5747,3,45242,19
14987,1,0,0,2,3,3,Female,8903,0,0,0,0,18046,1,0,0,847,2,29381,24
14987,2,0,0,2,3,3,Female,12740,0,0,0,0,11454,1,0,0,609,1,15583,20
15002,1,0,0,5,3,4,Male,0,0,0,0,0,4,1,0,0,2570,1,7273,11
15002,2,0,0,5,3,4,Male,0,0,0,0,0,0,0,0,0,911,1,3026,5
15064,1,0,0,1,3,1,Male,1713,0,167,0,0,0,0,20258,1,1201,1,62496,21
15064,2,0,0,1,3,1,Male,4714,0,484,0,0,0,0,14411,1,3759,1,70896,23
15106,1,0,0,5,2,4,Male,921,0,0,0,0,0,0,0,0,2517,3,12736,14
15106,2,0,0,5,2,4,Male,171,0,0,0,0,0,0,0,0,2851,2,19205,13
15115,1,0,0,1,3,1,Male,3715,0,0,0,0,21661,4,10155,1,2841,2,57741,32
15115,2,0,0,1,3,1,Male,2681,0,0,0,0,31932,6,8354,1,906,3,54101,39
15128,1,0,0,1,2,1,Female,7479,0,0,0,0,10869,4,1345,2,790,1,32760,27
15128,2,0,0,1,2,1,Female,6507,0,0,0,0,8485,2,2607,2,550,1,35976,24
15138,1,0,0,5,2,2,Male,333,0,0,0,0,0,0,0,0,29576,1,30714,10
15138,2,0,0,5,2,2,Male,48,0,0,0,0,0,0,0,0,33447,1,57225,4
15151,1,0,0,3,2,4,Male,0,0,0,0,0,0,0,15255,2,4835,2,29366,28
15151,2,0,0,3,2,4,Male,0,0,0,0,0,0,0,10,1,740,1,14520,7
15155,1,0,0,1,2,1,Male,84993,0,0,0,0,17,1,4328,2,7565,3,27144,27
15155,2,0,0,1,2,1,Male,30264,0,0,0,0,0,0,4605,2,2920,1,35698,15
15178,1,0,0,1,3,1,Male,24528,0,0,0,0,0,0,33757,1,3463,1,103964,36
15178,2,0,0,1,3,1,Male,72521,0,0,0,0,0,0,16340,1,882,1,66454,33
15182,1,0,0,1,3,1,Female,2827,0,1224,0,0,1180,2,0,0,5525,2,9462,20
15182,2,0,0,1,3,1,Female,0,0,0,0,0,0,0,0,0,0,0,3,1
15255,1,0,0,3,2,2,Female,1398,0,0,0,0,0,0,0,0,20370,1,30954,12
15255,2,0,0,3,2,2,Female,1908,0,12,0,0,0,0,0,0,10714,1,17636,8
15259,1,0,0,3,4,2,Female,11511,0,4029,0,0,0,0,0,0,3161,1,7495,12
15259,2,0,0,3,4,2,Female,5875,0,3518,0,0,24,1,0,0,726,1,4832,17
15291,1,0,0,1,3,1,Male,3715,0,0,0,0,21661,4,10155,1,2841,2,57741,32
15291,2,0,0,1,3,1,Male,2681,0,0,0,0,31932,6,8354,1,906,3,54101,39
15312,1,0,0,5,2,2,Male,333,0,0,0,0,0,0,0,0,29576,1,30714,10
15312,2,0,0,5,2,2,Male,48,0,0,0,0,0,0,0,0,33447,1,57225,4
15319,1,0,0,3,2,2,Male,3530,0,59,0,0,4677,2,0,0,663,3,48970,27
15319,2,0,0,3,2,2,Male,3119,0,373,632,1,2869,2,0,0,1694,2,36983,34
15350,1,0,0,1,3,1,Male,572,0,3526,0,0,25,1,0,0,4756,1,36084,20
15350,2,0,0,1,3,1,Male,3623,0,4206,0,0,698,1,0,0,2868,1,30517,22
15439,1,0,0,4,1,2,Male,1435,0,0,0,0,17656,1,0,0,2475,3,37812,21
15439,2,0,0,4,1,2,Male,3914,0,0,0,0,205,1,0,0,379,1,8727,21
1545,1,1,0,3,3,4,Male,9692,0,7544,0,0,26394,5,0,0,2795,1,80211,32
1545,2,1,1,3,3,4,Male,6141,14338,5430,1118,1,30805,2,0,0,1713,1,58742,25
1546,1,0,0,3,3,4,Male,5020,0,0,0,0,0,0,0,0,27937,2,72819,31
1546,2,0,0,3,3,4,Male,4957,0,0,0,0,0,0,0,0,6137,2,69115,25
15473,1,0,0,4,3,4,Male,3365,0,69,0,0,2559,3,0,0,3388,2,76217,37
15473,2,0,0,4,3,4,Male,2716,0,115,0,0,969,1,0,0,919,2,110919,32
15490,1,1,0,3,2,2,Female,17997,0,11031,0,0,556,2,0,0,2010,2,46645,37
15490,2,1,1,3,2,2,Female,16070,19982,9388,0,0,3686,2,0,0,1144,2,14787,35
15554,1,0,0,2,4,4,Female,49817,0,1289,0,0,0,0,0,0,1471,1,16237,20
15554,2,0,0,2,4,4,Female,20414,0,1058,0,0,0,0,0,0,1047,1,16456,18
15610,1,0,0,5,3,4,Female,23086,0,0,0,0,0,0,4,1,1472,1,5002,18
15610,2,0,0,5,3,4,Female,1056,0,1589,0,0,0,0,0,0,1093,1,4872,14
1564,1,0,0,3,2,4,Male,5643,0,0,0,0,1930,1,0,0,2796,1,23533,15
1564,2,0,0,3,2,4,Male,0,0,0,0,0,1247,2,0,0,582,1,67372,16
15642,1,0,0,3,3,4,Male,512,0,161,0,0,24583,8,7,1,564,2,36533,25
15642,2,0,0,3,3,4,Male,787,0,0,0,0,0,0,34,1,1407,2,6905,18
15643,1,0,0,2,2,3,Male,47373,0,1579,0,0,14,1,5733,1,876,2,26458,40
15643,2,0,0,2,2,3,Male,67196,0,843,0,0,0,0,3789,1,650,2,17847,31
15650,1,0,0,5,4,4,Female,22179,0,0,0,0,0,0,0,0,1337,2,25992,19
15650,2,0,0,5,4,4,Female,14800,0,0,0,0,0,0,0,0,883,1,19438,15
15675,1,0,0,4,4,4,Female,0,0,0,0,0,0,0,0,0,9648,1,21059,11
15675,2,0,0,4,4,4,Female,0,0,0,0,0,0,0,0,0,3938,1,10156,10
15687,1,0,0,3,4,4,Male,0,0,0,0,0,904,1,182,1,1667,1,16289,14
15687,2,0,0,3,4,4,Male,0,0,0,0,0,4965,1,7,1,3592,1,100799,31
15703,1,0,0,2,3,2,Female,1172,0,348,0,0,502,1,0,0,3982,2,69977,12
15703,2,0,0,2,3,2,Female,4510,0,8641,0,0,3548,2,0,0,33376,3,47766,32
15705,1,0,0,3,2,4,Female,3276,0,229,0,0,1032,3,17391,1,2133,2,36805,23
15705,2,0,0,3,2,4,Female,4266,0,1233,0,0,0,0,19289,1,3626,2,49518,31
15717,1,0,0,2,3,4,Female,31589,0,11440,0,0,0,0,4664,3,1906,2,52621,37
15717,2,0,0,2,3,4,Female,13706,0,7325,0,0,3,1,1854,3,1895,4,53797,43
15769,1,1,0,2,2,3,Female,78358,0,1826,0,0,0,0,3722,2,3400,3,27861,30
15769,2,1,1,2,2,3,Female,88289,47665,2781,420,1,1154,2,4584,1,616,2,40201,26
1578,1,0,0,4,3,4,Male,4675,0,0,0,0,0,0,0,0,5007,4,134507,29
1578,2,0,0,4,3,4,Male,2611,0,0,0,0,0,0,38,1,2471,4,100446,28
15787,1,0,0,2,2,3,Female,16354,0,0,0,0,2122,4,10957,1,2650,5,42338,43
15787,2,0,0,2,2,3,Female,29725,0,0,0,0,0,0,6606,1,1642,3,41519,46
15796,1,0,0,3,2,4,Male,12095,0,391,0,0,0,0,0,0,459,1,77229,27
15796,2,0,0,3,2,4,Male,10933,0,87,0,0,73,1,3095,1,878,1,43580,36
15808,1,0,0,2,2,3,Male,18315,0,95,0,0,23446,1,3719,2,1074,1,72247,35
15808,2,0,0,2,2,3,Male,12906,0,134,157,1,36577,1,3009,2,406,1,62101,38
15834,1,0,0,4,4,2,Female,24282,0,77,0,0,233,1,0,0,5527,5,33285,30
15834,2,0,0,4,4,2,Female,5691,0,120,0,0,0,0,34,1,6185,3,39458,29
15916,1,0,0,2,3,4,Female,49225,0,3162,0,0,0,0,0,0,21853,4,36035,22
15916,2,0,0,2,3,4,Female,48685,0,9294,0,0,0,0,0,0,1512,4,14307,25
15922,1,0,0,2,4,4,Male,1740,0,713,0,0,0,0,806,2,1800,3,69525,44
15922,2,0,0,2,4,4,Male,7919,0,1202,0,0,0,0,837,2,2152,4,52168,48
15945,1,0,0,3,3,4,Male,3120,0,0,0,0,201,1,0,0,688,1,3033,15
15945,2,0,0,3,3,4,Male,3521,0,0,0,0,141,1,0,0,1640,1,16430,12
15957,1,0,0,3,3,4,Male,2908,0,3658,0,0,0,0,439,1,3616,1,23496,26
15957,2,0,0,3,3,4,Male,4499,0,3496,0,0,0,0,706,1,9132,1,44612,24
15996,1,0,0,3,3,4,Male,12072,0,0,0,0,433,1,0,0,1165,1,37754,30
15996,2,0,0,3,3,4,Male,8876,0,0,0,0,0,0,0,0,3463,2,49954,24
16015,1,0,0,1,3,1,Male,1713,0,167,0,0,0,0,20258,1,1201,1,62496,21
16015,2,0,0,1,3,1,Male,4714,0,484,0,0,0,0,14411,1,3759,1,70896,23
16017,1,0,0,3,3,4,Male,4612,0,0,0,0,0,0,15,1,34568,2,41630,16
16017,2,0,0,3,3,4,Male,7695,0,0,0,0,0,0,2879,1,829,1,7472,11
16022,1,0,0,2,2,4,Male,31393,0,1701,0,0,4945,2,308,2,1578,1,20321,36
16022,2,0,0,2,2,4,Male,18469,0,6314,0,0,695,1,677,1,3357,1,36582,30
16076,1,1,0,3,3,4,Female,15718,0,6384,0,0,34749,5,2594,1,4957,1,69832,31
16076,2,1,1,3,3,4,Female,13036,10,3707,0,0,23959,3,815,1,2570,1,82581,27
16085,1,0,0,3,4,4,Female,2122,0,2803,0,0,377,1,8343,1,6319,5,40328,24
16085,2,0,0,3,4,4,Female,2384,0,1520,0,0,0,0,5674,1,8976,3,52822,26
16092,1,0,0,4,3,4,Male,0,0,0,0,0,0,0,4483,2,3427,2,71692,29
16092,2,0,0,4,3,4,Male,0,0,0,0,0,0,0,1728,2,6579,2,98486,26
16105,1,0,0,4,3,4,Male,1735,0,3196,0,0,0,0,0,0,2437,2,179511,20
16105,2,0,0,4,3,4,Male,1795,0,2228,0,0,0,0,0,0,2207,2,159568,19
16145,1,0,0,1,1,2,Female,25883,0,0,0,0,0,0,0,0,530,1,40648,26
16145,2,0,0,1,1,2,Female,19568,0,0,0,0,931,3,221,1,398,1,14667,26
16152,1,0,0,4,4,4,Male,0,0,0,0,0,150,2,0,0,5080,1,10971,13
16152,2,0,0,4,4,4,Male,787,0,12,0,0,1146,2,0,0,7515,1,15493,13
16163,1,0,0,3,4,4,Female,17636,0,8667,0,0,308,1,2118,1,1676,2,10594,30
16163,2,0,0,3,4,4,Female,14161,0,7560,0,0,406,2,1009,1,910,1,11831,26
16168,1,0,0,3,4,4,Female,5875,0,7978,0,0,0,0,27,1,2304,5,7521,24
16168,2,0,0,3,4,4,Female,10297,0,10775,0,0,0,0,253,1,3364,2,15655,31
16295,1,0,0,1,3,1,Male,24528,0,0,0,0,0,0,33757,1,3463,1,103964,36
16295,2,0,0,1,3,1,Male,72521,0,0,0,0,0,0,16340,1,882,1,66454,33
16318,1,0,0,4,3,4,Male,2824,0,78,0,0,0,0,0,0,18146,2,26224,31
16318,2,0,0,4,3,4,Male,1885,0,7,0,0,0,0,0,0,2536,4,8737,23
16349,1,0,0,4,4,4,Female,6595,0,0,0,0,0,0,0,0,9853,1,151817,26
16349,2,0,0,4,4,4,Female,21799,0,0,0,0,0,0,0,0,8324,1,169300,26
16360,1,0,0,2,3,3,Male,4073,0,734,0,0,3123,1,6,1,617,2,4842,13
16360,2,0,0,2,3,3,Male,3877,0,837,0,0,0,0,0,0,908,2,2684,17
16364,1,0,0,2,4,3,Female,15961,0,0,0,0,0,0,0,0,1921,2,12682,17
16364,2,0,0,2,4,3,Female,44857,0,0,0,0,0,0,0,0,11827,2,20405,20
16383,1,0,0,2,2,3,Male,18623,0,118,0,0,0,0,6861,1,1100,2,44578,27
16383,2,0,0,2,2,3,Male,27163,0,254,0,0,922,1,9266,1,353,1,58062,28
16462,1,0,0,1,1,1,Male,96780,0,446,0,0,4560,4,24663,3,350,4,196464,43
16462,2,0,0,1,1,1,Male,128577,0,350,0,0,5670,2,36430,3,10720,5,165599,45
16473,1,0,0,5,4,2,Male,30,0,0,0,0,107,1,0,0,50,1,471,8
16473,2,0,0,5,4,2,Male,106,0,0,0,0,120,1,0,0,36,1,11204,14
16509,1,0,0,5,3,4,Female,1599,0,51945,0,0,0,0,35318,1,2087,1,89252,14
16509,2,0,0,5,3,4,Female,2720,0,34012,0,0,12,1,28419,1,3211,1,53641,14
16548,1,0,0,1,3,1,Male,1713,0,167,0,0,0,0,20258,1,1201,1,62496,21
16548,2,0,0,1,3,1,Male,4714,0,484,0,0,0,0,14411,1,3759,1,70896,23
16562,1,0,0,1,3,1,Male,3715,0,0,0,0,21661,4,10155,1,2841,2,57741,32
16562,2,0,0,1,3,1,Male,2681,0,0,0,0,31932,6,8354,1,906,3,54101,39
16582,1,0,0,5,4,4,Male,3610,0,0,0,0,0,0,0,0,5376,2,14931,21
16582,2,0,0,5,4,4,Male,3895,0,725,0,0,0,0,0,0,4055,2,13869,15
16594,1,0,0,2,4,4,Female,22931,0,0,0,0,15,1,4,1,2615,2,12931,25
16594,2,0,0,2,4,4,Female,13976,0,0,0,0,0,0,0,0,3009,2,14608,28
166,1,0,0,4,4,4,Male,2520,0,0,0,0,0,0,0,0,8133,3,64722,40
166,2,0,0,4,4,4,Male,3393,0,0,0,0,225,1,22,1,4490,4,41620,63
16615,1,0,0,3,4,4,Male,15431,0,0,0,0,0,0,2389,1,37343,1,60379,14
16615,2,0,0,3,4,4,Male,5708,0,0,0,0,0,0,10563,1,23823,2,46040,15
1662,1,0,0,4,3,4,Male,3734,0,0,0,0,893,1,4645,1,7897,4,70425,28
1662,2,0,0,4,3,4,Male,9514,0,0,0,0,2718,1,4603,1,8508,2,91618,27
16664,1,0,0,3,3,4,Female,6093,0,4212,0,0,3377,1,0,0,4191,1,19879,21
16664,2,0,0,3,3,4,Female,4903,0,3925,0,0,5704,1,0,0,2060,1,24914,22
16670,1,0,0,2,4,3,Male,23563,0,0,0,0,0,0,0,0,8466,3,36724,19
16670,2,0,0,2,4,3,Male,57485,0,0,0,0,0,0,1432,1,5649,3,18210,21
1668,1,0,0,5,4,4,Male,12866,0,3415,0,0,17437,1,0,0,8055,1,40782,21
1668,2,0,0,5,4,4,Male,10813,0,2544,0,0,10833,1,0,0,2855,1,39585,25
1827,1,0,0,4,4,4,Male,17250,0,8091,0,0,1694,2,13960,2,6281,2,245765,34
1827,2,0,0,4,4,4,Male,27006,0,3460,0,0,0,0,2750,1,5712,1,240253,19
1895,1,0,0,4,4,4,Male,3270,0,0,0,0,0,0,1289,2,4420,2,58137,50
1895,2,0,0,4,4,4,Male,10486,0,0,0,0,0,0,1443,2,7273,1,42430,36
1906,1,0,0,3,3,4,Male,15619,0,1963,0,0,0,0,0,0,4007,1,7367,10
1906,2,0,0,3,3,4,Male,3954,0,7149,0,0,0,0,0,0,2400,1,8682,11
1932,1,0,0,2,2,3,Female,19121,0,392,0,0,0,0,15687,1,1280,1,62404,25
1932,2,0,0,2,2,3,Female,17586,0,0,0,0,0,0,13104,1,1068,1,24333,24
2013,1,0,0,3,3,4,Male,0,0,0,0,0,0,0,0,0,3115,1,73738,17
2013,2,0,0,3,3,4,Male,0,0,0,0,0,0,0,0,0,6858,1,33346,14
2024,1,0,0,3,3,4,Male,860,0,222,0,0,26146,8,6,1,3116,2,94059,54
2024,2,0,0,3,3,4,Male,438,0,0,0,0,30849,10,0,0,2088,2,78412,37
2029,1,0,0,4,3,4,Male,761,0,359,0,0,12510,3,0,0,8367,2,32954,22
2029,2,0,0,4,3,4,Male,2296,0,288,0,0,9625,11,11,1,3570,2,37971,51
2069,1,0,0,3,4,4,Male,571,0,0,0,0,0,0,2615,1,29234,3,57914,20
2069,2,0,0,3,4,4,Male,1461,0,0,0,0,0,0,3159,1,4327,2,35080,22
2073,1,0,0,3,3,4,Male,0,0,0,0,0,0,0,0,0,155,1,50125,10
2073,2,0,0,3,3,4,Male,0,0,0,0,0,0,0,0,0,0,0,1812,12
2089,1,1,0,3,3,4,Female,4944,0,175,0,0,18027,2,0,0,6985,2,104512,35
2089,2,1,1,3,3,4,Female,3187,138,977,0,0,15024,2,0,0,3180,2,91932,34
2106,1,0,0,4,3,2,Male,0,0,0,0,0,35458,1,0,0,1925,1,56170,30
2106,2,0,0,4,3,2,Male,0,0,0,0,0,7896,1,0,0,14086,1,78888,25
2124,1,0,0,3,2,4,Male,18944,0,1657,0,0,7570,1,89,1,2012,1,35714,41
2124,2,0,0,3,2,4,Male,3672,0,1962,0,0,18613,1,172,1,1029,3,57226,34
21662,1,0,0,2,2,2,Female,34161,0,4625,0,0,8555,1,43515,6,3257,4,117791,47
21662,2,0,0,2,2,2,Female,57974,0,4763,0,0,10370,1,23683,5,1011,3,65509,37
21692,1,0,0,3,3,4,Female,6093,0,4212,0,0,3377,1,0,0,4191,1,19879,21
21692,2,0,0,3,3,4,Female,4903,0,3925,0,0,5704,1,0,0,2060,1,24914,22
21733,1,0,0,1,3,1,Male,132,0,681,0,0,912,4,0,0,107,2,10207,14
21733,2,0,0,1,3,1,Male,1723,0,247,0,0,9897,9,0,0,12,1,115831,26
21789,1,0,0,1,2,1,Female,6576,0,4397,0,0,2294,2,0,0,1758,3,8937,23
21789,2,0,0,1,2,1,Female,2985,0,3139,0,0,465,1,0,0,545,2,33256,23
2180,1,0,0,4,3,2,Male,18245,0,254,0,0,18449,1,148,1,2379,2,29482,26
2180,2,0,0,4,3,2,Male,41580,0,970,0,0,107791,3,0,0,5811,2,148853,34
21812,1,0,0,3,3,4,Female,34685,0,0,0,0,0,0,2752,2,7305,4,50935,35
21812,2,0,0,3,3,4,Female,14993,0,0,0,0,0,0,8928,2,4769,4,43750,26
21817,1,0,0,2,4,4,Female,14408,0,0,0,0,204,3,0,0,7318,1,52214,45
21817,2,0,0,2,4,4,Female,14470,0,0,542,2,259,2,0,0,11596,1,44755,26
21868,1,0,0,3,4,4,Female,11511,0,4029,0,0,0,0,0,0,3161,1,7495,12
21868,2,0,0,3,4,4,Female,5875,0,3518,0,0,24,1,0,0,726,1,4832,17
21949,1,0,0,4,3,4,Male,147,0,0,0,0,12,1,0,0,1048,1,10878,32
21949,2,0,0,4,3,4,Male,525,0,0,0,0,0,0,0,0,20165,2,24893,25
21978,1,0,0,3,4,4,Female,2543,0,3211,0,0,0,0,0,0,984,2,29441,12
21978,2,0,0,3,4,4,Female,3598,0,2956,0,0,0,0,0,0,559,3,25147,15
21989,1,0,0,2,2,3,Male,63081,0,0,0,0,6155,3,2807,1,1450,6,34561,24
21989,2,0,0,2,2,3,Male,63762,0,0,0,0,694,2,6931,3,2324,3,46207,26
21990,1,0,0,2,2,1,Male,12634,0,0,0,0,0,0,701,2,2760,3,31315,22
21990,2,0,0,2,2,1,Male,44610,0,0,0,0,0,0,157,1,83,2,59559,20
21991,1,0,0,3,4,4,Female,10870,0,0,0,0,0,0,0,0,1020,1,9802,15
21991,2,0,0,3,4,4,Female,11956,0,0,0,0,0,0,0,0,587,1,13532,11
2200,1,0,0,3,3,4,Male,2691,0,0,0,0,0,0,0,0,723,2,118548,15
2200,2,0,0,3,3,4,Male,1408,0,0,0,0,0,0,0,0,579,2,117724,16
22009,1,0,0,4,4,4,Male,64,0,0,0,0,0,0,0,0,9893,1,67663,15
22009,2,0,0,4,4,4,Male,30,0,0,0,0,0,0,0,0,2127,1,2814,8
22013,1,0,0,2,2,4,Female,31087,0,0,0,0,0,0,528,2,1105,2,22849,27
22013,2,0,0,2,2,4,Female,28232,0,0,0,0,1307,1,4990,3,1210,3,32840,33
2207,1,0,0,3,4,4,Male,6543,0,0,0,0,6539,1,0,0,36017,6,100255,57
2207,2,0,0,3,4,4,Male,7955,0,0,0,0,19585,1,0,0,11744,4,77995,52
22082,1,0,0,2,3,4,Female,5306,0,0,0,0,0,0,561,1,223,1,12340,25
22082,2,0,0,2,3,4,Female,17191,0,107,0,0,0,0,1521,1,1173,1,32011,29
22150,1,1,0,2,2,4,Female,9798,0,11464,0,0,13921,1,0,0,3978,1,26084,26
22150,2,1,1,2,2,4,Female,12948,18643,3636,709,1,20417,1,521,2,1503,3,47291,29
22155,1,0,0,3,3,3,Female,7667,0,2806,0,0,10254,2,0,0,1542,1,34243,26
22155,2,0,0,3,3,3,Female,3555,0,1829,0,0,32231,3,0,0,3967,1,92638,34
22262,1,0,0,4,4,2,Male,10749,0,8,0,0,1675,5,641,1,9951,3,61440,39
22262,2,0,0,4,4,2,Male,8427,0,12,0,0,0,0,43,1,2740,2,55411,26
22283,1,0,0,3,4,4,Female,1532,0,0,0,0,25164,4,0,0,1357,2,27902,17
22283,2,0,0,3,4,4,Female,1100,0,0,0,0,8320,4,0,0,437,2,9658,15
22379,1,0,0,2,3,4,Male,2382,0,0,0,0,0,0,0,0,24646,3,28578,13
22379,2,0,0,2,3,4,Male,640,0,0,0,0,0,0,0,0,6820,3,15220,8
22382,1,0,0,1,3,1,Female,36178,0,0,0,0,61,2,0,0,14963,2,72498,33
22382,2,0,0,1,3,1,Female,53775,0,0,0,0,0,0,0,0,11767,3,81750,24
22403,1,0,0,1,1,1,Female,136533,0,30082,0,0,0,0,9295,1,707,3,16246,26
22403,2,0,0,1,1,1,Female,161971,0,20011,0,0,0,0,6453,1,319,3,20191,26
22420,1,0,0,5,4,4,Male,15680,0,1161,0,0,4778,2,858,1,25264,2,40362,18
22420,2,0,0,5,4,4,Male,32730,0,0,0,0,329,1,67,1,44798,1,50735,13
22427,1,0,0,3,2,4,Male,3043,0,1579,0,0,0,0,151,1,407,1,15196,26
22427,2,0,0,3,2,4,Male,4792,0,972,0,0,0,0,3,1,1489,1,6344,18
22439,1,0,0,3,2,4,Male,9283,0,0,0,0,50800,3,0,0,1553,1,63660,21
22439,2,0,0,3,2,4,Male,11126,0,0,0,0,32006,3,0,0,3320,1,50382,21
22457,1,0,0,2,3,3,Male,710,0,0,0,0,8402,2,4,1,218,1,65415,35
22457,2,0,0,2,3,3,Male,731,0,0,0,0,3513,1,0,0,370,1,60193,30
22482,1,0,0,1,4,1,Male,28386,0,9053,0,0,5805,3,30,1,752,2,48545,23
22482,2,0,0,1,4,1,Male,46243,0,24422,0,0,589,3,0,0,176,3,45713,23
22518,1,0,0,3,2,4,Female,6490,0,0,0,0,0,0,0,0,1985,2,22697,29
22518,2,0,0,3,2,4,Female,8732,0,0,0,0,0,0,0,0,2260,2,19347,22
22536,1,0,0,3,2,4,Male,4295,0,1853,0,0,3589,1,4,1,1860,3,46356,35
22536,2,0,0,3,2,4,Male,3628,0,1892,0,0,2343,2,0,0,2491,1,41338,36
22645,1,1,0,2,2,4,Female,43284,0,1086,0,0,71578,10,17158,2,156,2,140681,53
22645,2,1,1,2,2,4,Female,31441,13634,3433,18872,6,33614,5,16118,2,281,2,105200,44
22670,1,0,0,4,4,4,Female,1895,0,190,0,0,85,1,0,0,2614,1,11660,14
22670,2,0,0,4,4,4,Female,3976,0,67,0,0,1126,2,0,0,2268,1,12081,10
2269,1,0,0,3,4,4,Male,0,0,0,0,0,34479,5,0,0,3136,3,62373,26
2269,2,0,0,3,4,4,Male,0,0,0,0,0,45598,4,0,0,726,2,84795,18
22704,1,0,0,2,3,3,Male,18315,0,95,0,0,23446,1,3719,2,1074,1,72247,35
22704,2,0,0,2,3,3,Male,12906,0,134,157,1,36577,1,3009,2,406,1,62101,38
22717,1,1,0,3,3,4,Female,15718,0,6384,0,0,34749,5,2594,1,4957,1,69832,31
22717,2,1,1,3,3,4,Female,13036,10,3707,0,0,23959,3,815,1,2570,1,82581,27
2273,1,0,0,3,2,4,Male,1504,0,664,0,0,10008,1,0,0,924,3,30572,29
2273,2,0,0,3,2,4,Male,2967,0,997,0,0,7869,1,0,0,1842,3,23272,29
22731,1,1,0,3,3,4,Female,4944,0,175,0,0,18027,2,0,0,6985,2,104512,35
22731,2,1,1,3,3,4,Female,3187,138,977,0,0,15024,2,0,0,3180,2,91932,34
22750,1,0,0,4,3,4,Female,0,0,0,0,0,0,0,4589,2,25982,3,74630,44
22750,2,0,0,4,3,4,Female,0,0,0,0,0,78,1,934,2,12371,3,82771,60
22764,1,0,0,3,2,4,Female,12917,0,0,0,0,0,0,0,0,1555,1,51203,15
22764,2,0,0,3,2,4,Female,13228,0,0,0,0,0,0,0,0,2356,1,62602,13
22786,1,0,0,2,3,4,Female,31589,0,11440,0,0,0,0,4664,3,1906,2,52621,37
22786,2,0,0,2,3,4,Female,13706,0,7325,0,0,3,1,1854,3,1895,4,53797,43
22887,1,0,0,2,4,4,Female,34373,0,2806,0,0,18891,3,0,0,22837,2,77006,45
22887,2,0,0,2,4,4,Female,17221,0,2538,0,0,9379,2,0,0,11839,3,49326,36
22909,1,0,0,3,4,4,Female,13212,0,0,0,0,0,0,91,1,981,3,43945,28
22909,2,0,0,3,4,4,Female,21232,0,0,0,0,0,0,0,0,1008,3,39583,27
22972,1,0,0,3,1,4,Female,3786,0,4681,0,0,0,0,0,0,1066,1,20187,16
22972,2,0,0,3,1,4,Female,10137,0,6110,0,0,0,0,0,0,808,1,30559,18
22983,1,0,0,3,3,4,Male,4114,0,0,0,0,0,0,78,1,5718,2,69038,26
22983,2,0,0,3,3,4,Male,1107,0,0,0,0,0,0,0,0,4365,1,68257,24
23047,1,0,0,4,3,4,Female,528,0,211,0,0,0,0,618,2,120,1,857,6
23047,2,0,0,4,3,4,Female,5901,0,2566,0,0,0,0,9875,3,11036,2,30045,21
23070,1,0,0,1,3,1,Male,572,0,3526,0,0,25,1,0,0,4756,1,36084,20
23070,2,0,0,1,3,1,Male,3623,0,4206,0,0,698,1,0,0,2868,1,30517,22
23073,1,0,0,4,3,4,Female,2782,0,2093,0,0,16973,3,3436,2,4205,2,141759,48
23073,2,0,0,4,3,4,Female,4431,0,1581,0,0,7174,2,8644,1,4126,1,170244,36
23078,1,0,0,4,2,2,Female,0,0,0,0,0,0,0,0,0,8240,2,14538,22
23078,2,0,0,4,2,2,Female,0,0,0,0,0,0,0,0,0,7663,2,19196,16
23079,1,0,0,3,2,4,Female,0,0,0,0,0,0,0,4,1,1066,2,3112,10
23079,2,0,0,3,2,4,Female,0,0,0,0,0,0,0,0,0,2674,3,3265,9
23080,1,0,0,4,2,4,Male,9444,0,6,0,0,0,0,0,0,824,1,11092,35
23080,2,0,0,4,2,4,Male,7580,0,3,0,0,0,0,0,0,1531,1,30650,28
23085,1,0,0,4,3,4,Female,16060,0,0,0,0,0,0,0,0,3567,3,7398,17
23085,2,0,0,4,3,4,Female,13955,0,0,0,0,0,0,0,0,6725,2,24095,13
23117,1,0,0,1,3,1,Male,12889,0,18594,0,0,971,1,0,0,10042,3,112504,33
23117,2,0,0,1,3,1,Male,1689,0,2864,352,1,183,3,0,0,6102,3,142231,35
23119,1,0,0,4,3,4,Female,760,0,0,0,0,0,0,18,2,28400,1,40786,14
23119,2,0,0,4,3,4,Female,0,0,0,0,0,0,0,55,1,8706,1,11196,10
23121,1,0,0,4,3,4,Male,0,0,0,0,0,0,0,0,0,15684,2,41237,11
23121,2,0,0,4,3,4,Male,0,0,0,0,0,0,0,0,0,10729,3,28000,8
23128,1,0,0,4,3,4,Female,5253,0,6717,0,0,7300,1,0,0,2210,1,51840,18
23128,2,0,0,4,3,4,Female,7963,0,12978,0,0,16328,2,15,1,1895,1,27754,19
23150,1,0,0,1,3,1,Male,5073,0,1399,0,0,9652,2,0,0,4759,2,30066,11
23150,2,0,0,1,3,1,Male,4355,0,2806,0,0,275,2,0,0,1800,2,13114,14
23178,1,0,0,3,2,2,Female,1398,0,0,0,0,0,0,0,0,20370,1,30954,12
23178,2,0,0,3,2,2,Female,1908,0,12,0,0,0,0,0,0,10714,1,17636,8
23197,1,0,0,4,3,4,Female,4371,0,0,0,0,5668,3,0,0,5087,1,53163,34
23197,2,0,0,4,3,4,Female,5126,0,0,0,0,3324,3,0,0,5713,1,36096,27
23203,1,0,0,2,3,4,Female,845,0,0,0,0,0,0,0,0,2558,2,9540,26
23203,2,0,0,2,3,4,Female,3200,0,0,0,0,20766,2,0,0,4234,2,47761,25
23211,1,0,0,3,4,4,Male,4560,0,0,0,0,25325,4,3985,2,3050,2,52017,39
23211,2,0,0,3,4,4,Male,3928,0,0,0,0,10527,4,1960,2,895,2,33253,39
23214,1,0,0,3,2,4,Female,3466,0,0,0,0,0,0,5,1,8459,4,13542,19
23214,2,0,0,3,2,4,Female,3459,0,0,0,0,0,0,4,1,8324,2,22123,10
23237,1,0,0,4,3,2,Female,123,0,0,0,0,0,0,0,0,4995,1,25940,15
23237,2,0,0,4,3,2,Female,8427,0,0,0,0,0,0,0,0,5872,1,7323,13
23242,1,0,0,2,2,3,Male,4828,0,0,0,0,0,0,0,0,0,0,3093,7
23242,2,0,0,2,2,3,Male,875,0,0,0,0,0,0,0,0,0,0,11479,9
2326,1,0,0,3,4,4,Male,0,0,0,0,0,1229,1,0,0,4049,2,18092,20
2326,2,0,0,3,4,4,Male,0,0,0,0,0,0,0,0,0,771,2,4141,12
23277,1,0,0,4,2,2,Female,1030,0,120,0,0,0,0,9,2,4608,1,10152,24
23277,2,0,0,4,2,2,Female,337,0,60,0,0,1593,2,0,0,3801,1,9762,18
23335,1,0,0,3,3,4,Male,8078,0,0,0,0,60,1,205,1,4494,3,132107,23
23335,2,0,0,3,3,4,Male,4832,0,72,0,0,238,3,0,0,930,1,138220,29
23396,1,0,0,3,3,4,Female,1396,0,0,0,0,0,0,0,0,6083,1,15472,19
23396,2,0,0,3,3,4,Female,2163,0,0,0,0,0,0,0,0,5534,3,10156,13
23444,1,0,0,2,2,3,Male,31909,0,0,0,0,1691,1,2131,1,1599,4,103172,45
23444,2,0,0,2,2,3,Male,24925,0,423,0,0,512,1,3943,1,1357,3,36639,43
23452,1,0,0,3,2,4,Female,52137,0,4236,0,0,16635,2,0,0,3761,3,30892,31
23452,2,0,0,3,2,4,Female,24932,0,11052,0,0,29815,2,0,0,23687,2,71050,25
23456,1,0,0,5,2,2,Male,333,0,0,0,0,0,0,0,0,29576,1,30714,10
23456,2,0,0,5,2,2,Male,48,0,0,0,0,0,0,0,0,33447,1,57225,4
23464,1,0,0,3,4,4,Male,459,0,732,0,0,2164,3,12,2,1036,1,14006,21
23464,2,0,0,3,4,4,Male,3052,0,15,0,0,0,0,0,0,1754,1,8310,17
23507,1,0,0,3,4,4,Male,23675,0,37,0,0,14724,5,53,1,3258,3,40469,39
23507,2,0,0,3,4,4,Male,37040,0,13,880,1,10727,2,20,1,7141,3,55099,26
23519,1,1,0,3,2,2,Female,17997,0,11031,0,0,556,2,0,0,2010,2,46645,37
23519,2,1,1,3,2,2,Female,16070,19982,9388,0,0,3686,2,0,0,1144,2,14787,35
23533,1,0,0,2,4,4,Male,13619,0,0,0,0,8985,3,1195,1,393,2,35402,28
23533,2,0,0,2,4,4,Male,15394,0,0,0,0,1743,2,5676,1,430,1,63358,26
23570,1,0,0,2,2,4,Male,8895,0,437,0,0,0,0,0,0,919,1,2167,11
23570,2,0,0,2,2,4,Male,10398,0,903,0,0,431,1,0,0,1149,1,3554,12
23585,1,0,0,5,3,2,Female,2102,0,0,0,0,0,0,0,0,1998,1,16177,15
23585,2,0,0,5,3,2,Female,3129,0,0,0,0,0,0,0,0,35041,1,43015,18
23610,1,0,0,3,2,4,Female,5416,0,6245,0,0,1600,1,12,1,1568,3,16957,33
23610,2,0,0,3,2,4,Female,96,0,1116,0,0,2957,1,0,0,12,2,4311,16
23647,1,0,0,3,2,3,Male,10142,0,0,0,0,0,0,0,0,227,1,6894,9
23647,2,0,0,3,2,3,Male,7808,0,0,0,0,0,0,0,0,47,1,10297,15
23741,1,0,0,1,3,1,Male,0,0,0,0,0,846,2,0,0,0,0,846,2
23741,2,0,0,1,3,1,Male,0,0,0,0,0,0,0,0,0,38,1,2022,4
23751,1,0,0,1,4,1,Female,3668,0,627,0,0,3746,1,39,1,617,3,29934,28
23751,2,0,0,1,4,1,Female,1684,0,323,0,0,7056,1,3,1,904,3,22631,27
23770,1,0,0,5,3,4,Male,3216,0,404,0,0,0,0,100,1,1845,2,76244,16
23770,2,0,0,5,3,4,Male,91,0,0,0,0,0,0,146,1,227,1,5955,10
23772,1,0,0,4,3,2,Female,4822,0,212,0,0,0,0,0,0,4249,2,72129,22
23772,2,0,0,4,3,2,Female,8490,0,372,0,0,0,0,0,0,23474,2,51542,18
238,1,0,0,5,4,4,Male,2150,0,0,0,0,57,1,379,1,5406,3,36887,24
238,2,0,0,5,4,4,Male,1073,0,0,0,0,415,1,102,1,1315,1,32648,23
2380,1,0,0,4,3,4,Male,18245,0,254,0,0,18449,1,148,1,2379,2,29482,26
2380,2,0,0,4,3,4,Male,41580,0,970,0,0,107791,3,0,0,5811,2,148853,34
2385,1,0,0,3,3,4,Male,0,0,0,0,0,8051,2,0,0,794,1,10788,11
2385,2,0,0,3,3,4,Male,0,0,0,0,0,18102,2,0,0,312,1,20828,11
23928,1,0,0,1,2,1,Male,9,0,4,0,0,2705,4,0,0,104,2,4250,11
23928,2,0,0,1,2,1,Male,0,0,0,0,0,0,0,0,0,329,2,69785,10
23937,1,0,0,3,4,4,Male,0,0,0,0,0,15910,3,0,0,647,1,20794,20
23937,2,0,0,3,4,4,Male,0,0,0,0,0,7933,7,0,0,1371,1,20376,20
23942,1,0,0,1,4,1,Female,4034,0,3989,0,0,13820,15,169,1,1649,2,35405,45
23942,2,0,0,1,4,1,Female,2983,0,6320,0,0,16091,21,1823,2,1132,2,59171,51
23948,1,0,0,1,3,1,Male,12889,0,18594,0,0,971,1,0,0,10042,3,112504,33
23948,2,0,0,1,3,1,Male,1689,0,2864,352,1,183,3,0,0,6102,3,142231,35
23954,1,0,0,3,4,4,Female,607,0,0,0,0,0,0,0,0,0,0,1467,2
23954,2,0,0,3,4,4,Female,3652,0,1824,0,0,2865,1,4293,1,954,3,15776,13
23978,1,0,0,3,2,4,Male,5262,0,0,0,0,657,3,6,1,8590,1,139946,29
23978,2,0,0,3,2,4,Male,1664,0,0,0,0,616,2,0,0,6481,1,109934,30
23986,1,0,0,4,3,2,Female,605,0,85,0,0,12592,1,336,1,49,1,16683,10
23986,2,0,0,4,3,2,Female,2644,0,865,0,0,19741,5,11162,1,1945,1,44939,23
24006,1,0,0,3,2,2,Female,5150,0,0,0,0,2175,1,19,1,2831,4,27880,29
24006,2,0,0,3,2,2,Female,11788,0,0,0,0,7973,1,0,0,1833,3,20983,25
24068,1,0,0,1,4,1,Male,28386,0,9053,0,0,5805,3,30,1,752,2,48545,23
24068,2,0,0,1,4,1,Male,46243,0,24422,0,0,589,3,0,0,176,3,45713,23
24092,1,0,0,2,4,4,Female,14680,0,864,0,0,0,0,0,0,374,1,2583,9
24092,2,0,0,2,4,4,Female,11726,0,1550,0,0,0,0,0,0,297,1,1384,13
24125,1,1,0,3,3,4,Female,2040,0,0,0,0,13060,1,0,0,3651,2,70716,42
24125,2,1,1,3,3,4,Female,21632,20909,0,0,0,1608,1,0,0,2599,3,42098,36
24138,1,0,0,2,3,4,Female,1175,0,423,0,0,0,0,0,0,139,2,700,7
24138,2,0,0,2,3,4,Female,9554,0,2921,0,0,0,0,0,0,17979,2,20213,11
24160,1,0,0,1,4,1,Female,23405,0,2840,0,0,0,0,3983,3,940,2,86989,37
24160,2,0,0,1,4,1,Female,56908,0,2475,220,1,0,0,3140,3,1384,3,72501,22
24189,1,1,0,2,4,4,Female,60594,0,2142,0,0,0,0,0,0,5664,2,22293,32
24189,2,1,1,2,4,4,Female,52465,409,4149,0,0,0,0,0,0,15066,2,20678,23
24195,1,0,0,4,3,4,Male,3615,0,8308,0,0,15247,4,0,0,197,1,65244,22
24195,2,0,0,4,3,4,Male,5483,0,18769,0,0,25033,5,0,0,370,1,45879,22
24196,1,0,0,3,3,4,Female,1875,0,5245,0,0,632,1,0,0,3925,4,10452,30
24196,2,0,0,3,3,4,Female,4300,0,5994,0,0,103,1,0,0,1329,2,8831,21
24211,1,1,0,2,2,3,Female,78358,0,1826,0,0,0,0,3722,2,3400,3,27861,30
24211,2,1,1,2,2,3,Female,88289,47665,2781,420,1,1154,2,4584,1,616,2,40201,26
24219,1,0,0,4,3,4,Female,13511,0,795,0,0,0,0,0,0,15851,2,21298,18
24219,2,0,0,4,3,4,Female,1512,0,231,0,0,0,0,0,0,2130,1,6282,11
24253,1,0,0,2,3,4,Female,4128,0,0,0,0,0,0,0,0,12783,2,63819,20
24253,2,0,0,2,3,4,Female,0,0,0,0,0,0,0,0,0,1175,2,2302,8
24275,1,1,0,3,4,4,Female,19543,0,1015,0,0,0,0,2634,1,857,2,8803,19
24275,2,1,1,3,4,4,Female,80772,25351,15937,3204,1,0,0,3459,1,4328,2,37415,29
24279,1,1,0,2,2,2,Female,23499,0,0,0,0,0,0,108,1,24020,2,41077,33
24279,2,1,1,2,2,2,Female,35890,209,7556,520,1,0,0,4378,1,11550,3,39647,34
24295,1,0,0,2,2,4,Female,9989,0,0,0,0,0,0,4496,3,876,2,91586,34
24295,2,0,0,2,2,4,Female,5383,0,0,0,0,0,0,4544,3,667,3,74724,36
24310,1,0,0,3,2,4,Female,8036,0,12370,0,0,0,0,0,0,2536,3,17338,26
24310,2,0,0,3,2,4,Female,8016,0,17768,0,0,0,0,0,0,3694,3,39678,33
24344,1,0,0,2,4,3,Male,4213,0,5317,0,0,0,0,6152,1,3286,1,22084,18
24344,2,0,0,2,4,3,Male,4283,0,5268,0,0,0,0,5292,1,999,1,27785,22
2435,1,0,0,3,4,4,Female,2714,0,0,0,0,63422,2,0,0,3932,3,76859,19
2435,2,0,0,3,4,4,Female,1656,0,0,0,0,68134,2,0,0,2260,2,91705,24
24371,1,0,0,3,4,4,Male,6698,0,1917,0,0,4,1,0,0,2025,3,24471,29
24371,2,0,0,3,4,4,Male,17246,0,5073,91,2,0,0,0,0,4991,5,93350,48
24379,1,1,0,2,3,4,Female,2776,0,3297,0,0,123,1,0,0,3068,4,22841,30
24379,2,1,1,2,3,4,Female,5062,1025,873,249,2,1400,1,0,0,4411,2,36247,35
2439,1,0,0,3,3,4,Female,1793,0,0,0,0,0,0,0,0,2749,2,5503,11
2439,2,0,0,3,3,4,Female,105,0,0,0,0,0,0,10,1,1889,1,6793,11
24390,1,0,0,2,3,4,Female,9797,0,0,0,0,21,1,429,2,3099,4,13959,35
24390,2,0,0,2,3,4,Female,16785,0,0,0,0,111,1,492,2,4130,5,32194,33
24411,1,0,0,2,4,4,Male,7863,0,0,0,0,0,0,79,2,250,1,3477,9
24411,2,0,0,2,4,4,Male,18147,0,0,0,0,0,0,2193,2,1791,2,5511,13
24435,1,0,0,3,2,3,Male,1559,0,0,0,0,0,0,0,0,8550,2,11014,14
24435,2,0,0,3,2,3,Male,672,0,0,0,0,0,0,0,0,6703,1,9422,13
24439,1,0,0,4,4,4,Female,1010,0,13,0,0,7098,3,0,0,3675,3,41532,26
24439,2,0,0,4,4,4,Female,151,0,10,0,0,227,1,0,0,9056,3,48175,34
24468,1,0,0,3,2,4,Male,91654,0,0,0,0,0,0,0,0,3677,2,9693,20
24468,2,0,0,3,2,4,Male,59789,0,0,0,0,10,1,0,0,1812,1,23416,23
24493,1,0,0,5,3,2,Male,0,0,0,0,0,0,0,0,0,0,0,22892,1
24493,2,0,0,5,3,2,Male,29,0,0,0,0,0,0,0,0,30,2,180,3
24496,1,0,0,3,3,4,Female,2931,0,0,0,0,5736,5,0,0,2016,2,47891,30
24496,2,0,0,3,3,4,Female,3333,0,0,0,0,7031,4,124,1,2738,1,68341,25
24520,1,0,0,2,4,4,Female,24337,0,9451,0,0,0,0,31072,2,6129,2,51492,26
24520,2,0,0,2,4,4,Female,53630,0,23742,0,0,0,0,34854,3,11894,3,100417,33
24565,1,0,0,3,4,4,Male,2317,0,0,0,0,1448,1,2768,1,3558,2,12383,18
24565,2,0,0,3,4,4,Male,3429,0,0,0,0,278,1,4008,1,3018,2,13174,19
24590,1,0,0,1,2,1,Male,65,0,0,0,0,0,0,1697,3,374,3,20986,13
24590,2,0,0,1,2,1,Male,16,0,0,0,0,0,0,331,3,1494,3,4334,14
24679,1,1,0,3,4,4,Female,6348,0,2479,0,0,7302,1,0,0,3042,4,33977,20
24679,2,1,1,3,4,4,Female,7038,30130,2370,279,1,5125,1,0,0,3216,3,27346,23
24691,1,0,0,2,3,4,Female,40137,0,0,0,0,3695,4,1873,1,5071,3,27013,33
24691,2,0,0,2,3,4,Female,11829,0,0,0,0,0,0,1395,1,2225,2,15734,24
24707,1,0,0,3,2,4,Female,15339,0,0,0,0,9,1,0,0,25244,1,137585,24
24707,2,0,0,3,2,4,Female,4495,0,0,0,0,2167,3,10,1,31104,1,121802,28
24734,1,0,0,3,4,4,Male,12497,0,0,0,0,0,0,0,0,2431,2,4049,15
24734,2,0,0,3,4,4,Male,11436,0,0,0,0,0,0,0,0,4796,1,6455,5
24790,1,0,0,4,3,4,Male,2673,0,909,0,0,0,0,0,0,5251,3,45318,25
24790,2,0,0,4,3,4,Male,849,0,0,0,0,0,0,0,0,5747,3,45242,19
24834,1,0,0,5,3,2,Female,5429,0,39,0,0,14455,1,6531,1,2996,2,42366,19
24834,2,0,0,5,3,2,Female,5463,0,9,0,0,2739,1,4607,2,2963,3,28044,22
24851,1,0,0,3,4,4,Female,18465,0,4045,0,0,34188,3,0,0,6510,2,81490,28
24851,2,0,0,3,4,4,Female,8487,0,564,0,0,43944,10,0,0,4014,2,74818,33
24854,1,0,0,1,4,1,Female,8577,0,846,0,0,10866,2,0,0,4099,2,180738,27
24854,2,0,0,1,4,1,Female,1485,0,867,0,0,10699,7,153,1,1256,3,120943,33
2486,1,0,0,3,4,4,Male,4354,0,466,0,0,0,0,932,1,2094,1,10409,13
2486,2,0,0,3,4,4,Male,5923,0,284,0,0,0,0,824,1,6173,2,27967,23
24889,1,0,0,2,2,3,Male,32483,0,989,0,0,0,0,1422,3,1316,4,22325,42
24889,2,0,0,2,2,3,Male,30117,0,934,0,0,0,0,1127,2,1750,4,31800,55
24907,1,0,0,3,3,4,Male,12771,0,0,0,0,316,1,0,0,2367,2,33334,18
24907,2,0,0,3,3,4,Male,14837,0,0,0,0,0,0,0,0,2889,3,21604,20
24981,1,0,0,2,4,4,Female,11554,0,0,0,0,0,0,0,0,3889,1,8996,16
24981,2,0,0,2,4,4,Female,16719,0,0,0,0,0,0,6,1,2590,1,7347,23
25022,1,0,0,4,4,4,Male,2796,0,444,0,0,0,0,1707,2,16302,3,51137,25
25022,2,0,0,4,4,4,Male,4838,0,36,0,0,0,0,172,1,17847,4,43053,18
25063,1,0,0,3,4,4,Male,16000,0,0,0,0,6898,1,60,1,5363,3,40037,29
25063,2,0,0,3,4,4,Male,20151,0,0,0,0,532,1,0,0,1907,2,8799,26
25089,1,0,0,3,3,4,Female,1793,0,0,0,0,0,0,0,0,2749,2,5503,11
25089,2,0,0,3,3,4,Female,105,0,0,0,0,0,0,10,1,1889,1,6793,11
25101,1,0,0,3,3,4,Male,3712,0,0,0,0,0,0,0,0,4224,2,13862,16
25101,2,0,0,3,3,4,Male,2701,0,0,0,0,0,0,0,0,702,1,13486,18
25123,1,0,0,2,3,2,Female,1051,0,0,0,0,385,1,1587,1,2183,1,16204,28
25123,2,0,0,2,3,2,Female,9668,0,0,0,0,0,0,1768,1,6855,3,25841,21
2514,1,0,0,4,2,4,Male,0,0,0,0,0,0,0,0,0,6935,2,22239,27
2514,2,0,0,4,2,4,Male,0,0,0,0,0,10,1,0,0,4883,2,36056,28
2518,1,0,0,4,4,4,Female,17254,0,2919,0,0,22793,1,0,0,12539,3,47546,25
2518,2,0,0,4,4,4,Female,14480,0,2069,0,0,19916,2,0,0,6822,3,35855,25
25197,1,0,0,2,3,3,Female,20221,0,199,0,0,0,0,8427,2,1354,1,30730,32
25197,2,0,0,2,3,3,Female,48153,0,475,0,0,0,0,20159,2,2056,1,73091,29
2520,1,0,0,5,3,4,Male,1656,0,0,0,0,0,0,2433,1,2268,2,43362,25
2520,2,0,0,5,3,4,Male,314,0,0,0,0,0,0,2286,1,6151,2,63144,29
25205,1,0,0,4,4,4,Male,160,0,0,0,0,0,0,0,0,427,2,42566,11
25205,2,0,0,4,4,4,Male,123,0,0,0,0,0,0,66,1,573,3,3361,14
25236,1,0,0,2,2,4,Female,49089,0,645,0,0,166,1,19,1,1598,7,25678,39
25236,2,0,0,2,2,4,Female,55037,0,906,0,0,0,0,5777,2,5124,7,36151,39
25239,1,0,0,3,3,4,Female,2841,0,1625,0,0,0,0,0,0,1352,1,10900,12
25239,2,0,0,3,3,4,Female,7664,0,1550,0,0,0,0,0,0,718,1,4915,11
25243,1,0,0,2,2,4,Female,28492,0,2342,0,0,0,0,4178,2,4659,3,32465,28
25243,2,0,0,2,2,4,Female,31517,0,6102,0,0,0,0,293,2,3711,2,46860,29
25309,1,0,0,3,2,4,Female,3535,0,0,0,0,20598,12,0,0,4125,5,52022,45
25309,2,0,0,3,2,4,Female,7754,0,0,0,0,22208,8,13,1,3202,3,49016,41
25311,1,0,0,3,4,4,Female,1888,0,0,0,0,0,0,0,0,6573,2,54471,27
25311,2,0,0,3,4,4,Female,963,0,0,0,0,0,0,0,0,2230,2,31118,31
25338,1,1,0,3,3,4,Female,4944,0,175,0,0,18027,2,0,0,6985,2,104512,35
25338,2,1,1,3,3,4,Female,3187,138,977,0,0,15024,2,0,0,3180,2,91932,34
25382,1,0,0,2,2,4,Male,21857,0,0,0,0,727,1,0,0,3437,1,11728,18
25382,2,0,0,2,2,4,Male,25863,0,0,2098,1,0,0,0,0,1584,1,5834,15
25385,1,0,0,1,2,1,Female,13995,0,814,0,0,0,0,805,2,689,1,39322,46
25385,2,0,0,1,2,1,Female,2150,0,706,0,0,0,0,574,2,654,1,74100,41
25395,1,0,0,1,4,1,Female,36178,0,0,0,0,61,2,0,0,14963,2,72498,33
25395,2,0,0,1,4,1,Female,53775,0,0,0,0,0,0,0,0,11767,3,81750,24
25428,1,1,0,3,2,2,Male,19634,0,11467,0,0,43451,5,0,0,1209,2,115236,32
25428,2,1,1,3,2,2,Male,10940,429,16047,0,0,27031,3,0,0,1029,1,89383,27
25432,1,0,0,3,4,4,Male,850,0,698,0,0,1261,1,19,1,1070,1,92751,39
25432,2,0,0,3,4,4,Male,4955,0,678,0,0,991,1,0,0,311,1,82224,32
25453,1,1,0,2,3,3,Female,5232,0,0,0,0,0,0,0,0,521,2,4480,9
25453,2,1,1,2,3,3,Female,20808,249,0,0,0,0,0,0,0,1153,1,2552,8
25462,1,0,0,3,3,2,Female,32831,0,10002,0,0,1469,1,0,0,3189,3,53715,33
25462,2,0,0,3,3,2,Female,38468,0,5556,0,0,913,1,0,0,3106,2,45137,41
25472,1,0,0,2,2,4,Male,36499,0,102,0,0,35665,2,4848,2,325,1,59007,21
25472,2,0,0,2,2,4,Male,38656,0,0,0,0,0,0,2252,2,517,2,18793,21
25492,1,0,0,3,2,4,Male,590,0,0,0,0,0,0,33,2,1839,1,13195,21
25492,2,0,0,3,2,4,Male,721,0,0,0,0,0,0,17,1,1159,1,8195,20
25517,1,0,0,4,3,4,Female,2287,0,0,0,0,0,0,10150,1,1501,1,37026,16
25517,2,0,0,4,3,4,Female,1080,0,0,0,0,0,0,8607,1,1776,1,54036,15
25530,1,0,0,4,3,4,Male,3912,0,113,0,0,15923,2,22,2,373,3,66651,38
25530,2,0,0,4,3,4,Male,187,0,268,36,1,10845,3,4612,4,884,4,27204,38
25549,1,0,0,2,4,4,Male,21378,0,0,0,0,28521,4,2665,2,2107,1,74464,47
25549,2,0,0,2,4,4,Male,30875,0,0,0,0,15792,8,2697,2,2538,2,71708,48
25552,1,1,0,2,3,3,Female,32180,0,1180,0,0,11987,5,15278,2,1076,2,151775,41
25552,2,1,1,2,3,3,Female,28138,1125,1024,11310,4,36,1,18785,2,516,4,142045,50
25611,1,0,0,4,3,4,Female,13511,0,795,0,0,0,0,0,0,15851,2,21298,18
25611,2,0,0,4,3,4,Female,1512,0,231,0,0,0,0,0,0,2130,1,6282,11
25624,1,0,0,3,3,4,Female,240,0,0,0,0,0,0,0,0,417,1,1244,8
25624,2,0,0,3,3,4,Female,25875,0,0,0,0,0,0,0,0,2066,1,14451,20
25628,1,0,0,1,2,1,Female,6879,0,9133,0,0,0,0,122,3,5985,1,18816,31
25628,2,0,0,1,2,1,Female,11444,0,8431,0,0,109,2,10355,6,3321,3,41415,44
2578,1,0,0,5,4,4,Male,7038,0,0,0,0,0,0,0,0,3655,2,57942,27
2578,2,0,0,5,4,4,Male,17264,0,0,0,0,0,0,0,0,1000,1,13399,27
25816,1,0,0,2,2,4,Male,22908,0,1819,0,0,34179,2,391,1,661,1,72319,21
25816,2,0,0,2,2,4,Male,11394,0,3765,0,0,26498,2,244,2,1605,1,48791,26
25818,1,0,0,4,4,4,Male,17250,0,8091,0,0,1694,2,13960,2,6281,2,245765,34
25818,2,0,0,4,4,4,Male,27006,0,3460,0,0,0,0,2750,1,5712,1,240253,19
25895,1,0,0,3,3,4,Male,9780,0,747,0,0,485,2,0,0,4811,3,14875,29
25895,2,0,0,3,3,4,Male,7251,0,1358,0,0,1686,2,0,0,4551,3,12083,21
25951,1,0,0,1,1,1,Male,1077,0,0,0,0,6923,2,0,0,104,1,16677,17
25951,2,0,0,1,1,1,Male,1980,0,0,0,0,22650,2,7,1,923,1,35374,19
25987,1,0,0,4,4,4,Female,5786,0,0,0,0,0,0,27,1,6647,1,30067,18
25987,2,0,0,4,4,4,Female,1824,0,838,0,0,0,0,0,0,8486,1,15112,15
26007,1,0,0,2,4,4,Female,5140,0,0,0,0,10,1,0,0,13322,1,29531,22
26007,2,0,0,2,4,4,Female,3247,0,0,0,0,0,0,0,0,24316,1,50052,15
26020,1,0,0,2,3,3,Male,1125,0,0,0,0,961,1,0,0,3547,3,23487,21
26020,2,0,0,2,3,3,Male,1941,0,0,0,0,0,0,0,0,629,1,32511,31
26024,1,0,0,3,3,4,Female,3717,0,0,0,0,6358,1,7666,1,6285,3,28031,42
26024,2,0,0,3,3,4,Female,3729,0,0,0,0,1460,1,15484,1,11726,2,34164,30
26068,1,1,0,3,4,2,Female,7089,0,0,0,0,433,2,4,1,8717,3,31405,19
26068,2,1,1,3,4,2,Female,14909,295,348,0,0,0,0,0,0,4985,1,33499,20
26098,1,1,0,2,1,3,Female,15228,0,1703,0,0,5883,4,3736,2,511,1,105501,46
26098,2,1,1,2,1,3,Female,7031,5017,2076,0,0,10379,3,3509,2,1076,2,107374,38
26100,1,0,0,2,2,3,Male,16959,0,0,0,0,31354,1,1332,1,1215,1,83567,25
26100,2,0,0,2,2,3,Male,15175,0,4,0,0,52854,2,1267,1,399,1,114228,20
2611,1,0,0,5,4,4,Male,4045,0,0,0,0,2134,1,1916,2,7074,3,35631,41
2611,2,0,0,5,4,4,Male,1238,0,58,0,0,0,0,4617,3,4262,3,55977,29
2620,1,0,0,4,4,4,Male,2586,0,0,0,0,0,0,0,0,3800,1,35528,13
2620,2,0,0,4,4,4,Male,304,0,0,0,0,0,0,0,0,5968,1,23906,15
26209,1,0,0,2,2,3,Male,38917,0,0,0,0,30445,1,3887,1,7070,2,58185,22
26209,2,0,0,2,2,3,Male,45929,0,0,0,0,16324,5,4258,1,7414,2,54639,31
26230,1,0,0,2,2,4,Female,21922,0,0,0,0,0,0,0,0,19944,2,29731,20
26230,2,0,0,2,2,4,Female,13881,0,0,0,0,0,0,0,0,2566,2,12535,13
26236,1,0,0,2,4,3,Female,29188,0,0,0,0,0,0,64225,5,272,2,87625,41
26236,2,0,0,2,4,3,Female,30052,0,0,0,0,0,0,42099,4,372,1,54795,33
26246,1,0,0,4,4,4,Female,2420,0,0,0,0,1672,3,469,1,34076,2,64427,28
26246,2,0,0,4,4,4,Female,2729,0,0,0,0,32365,3,40,1,14907,3,55732,25
26286,1,0,0,3,2,4,Female,10789,0,17417,0,0,148,2,0,0,1586,1,46013,32
26286,2,0,0,3,2,4,Female,14724,0,44885,0,0,485,2,13314,1,1495,1,59822,42
26291,1,0,0,5,2,1,Male,28715,0,938,0,0,0,0,277,1,3606,1,13881,16
26291,2,0,0,5,2,1,Male,17851,0,6,0,0,0,0,217,1,1155,1,5016,11
26298,1,0,0,2,1,3,Female,17954,0,0,0,0,0,0,0,0,1292,1,12683,26
26298,2,0,0,2,1,3,Female,11474,0,0,0,0,62,1,0,0,20987,1,36652,23
26300,1,0,0,4,2,4,Female,242,0,0,0,0,2734,1,0,0,1445,1,8828,7
26300,2,0,0,4,2,4,Female,139,0,0,0,0,2461,1,0,0,1334,2,8710,9
26304,1,0,0,1,1,1,Female,85393,0,5125,0,0,0,0,777,2,2408,3,57685,35
26304,2,0,0,1,1,1,Female,45788,0,2207,2572,3,0,0,498,3,9067,3,24651,43
26329,1,0,0,1,3,1,Male,572,0,3526,0,0,25,1,0,0,4756,1,36084,20
26329,2,0,0,1,3,1,Male,3623,0,4206,0,0,698,1,0,0,2868,1,30517,22
26384,1,0,0,4,3,4,Female,9849,0,4160,0,0,18298,1,9118,3,7042,2,57593,18
26384,2,0,0,4,3,4,Female,5911,0,3560,0,0,9355,1,1550,2,7793,2,46245,20
26455,1,0,0,1,3,1,Male,12889,0,18594,0,0,971,1,0,0,10042,3,112504,33
26455,2,0,0,1,3,1,Male,1689,0,2864,352,1,183,3,0,0,6102,3,142231,35
2646,1,0,0,5,3,4,Male,1128,0,0,0,0,32204,12,0,0,29673,1,71089,31
2646,2,0,0,5,3,4,Male,2280,0,0,0,0,35418,9,0,0,20192,1,66966,33
26462,1,0,0,2,4,3,Female,30257,0,10126,0,0,560,1,4214,1,1243,2,86604,21
26462,2,0,0,2,4,3,Female,34792,0,4766,0,0,0,0,2965,1,989,2,100898,23
26469,1,0,0,3,3,4,Female,6587,0,458,0,0,3111,2,0,0,2917,1,10583,21
26469,2,0,0,3,3,4,Female,10501,0,1216,0,0,8490,2,0,0,6809,2,25355,21
26470,1,0,0,5,4,2,Male,34,0,0,0,0,0,0,830,1,33,2,8502,17
26470,2,0,0,5,4,2,Male,67,0,15,0,0,0,0,2611,2,1022,3,11866,22
26511,1,0,0,4,3,4,Female,149,0,0,0,0,0,0,0,0,404,1,15621,9
26511,2,0,0,4,3,4,Female,524,0,0,0,0,3585,1,271,1,1834,2,25097,10
26512,1,0,0,4,3,4,Male,2972,0,0,0,0,0,0,0,0,14325,2,53920,25
26512,2,0,0,4,3,4,Male,9215,0,4,0,0,0,0,0,0,17150,3,92511,36
26532,1,0,0,2,2,3,Female,14000,0,0,0,0,0,0,5848,1,556,3,18282,18
26532,2,0,0,2,2,3,Female,25891,0,0,0,0,0,0,5550,1,3445,2,40094,18
26539,1,0,0,4,3,2,Male,805,0,0,0,0,0,0,10,1,3418,3,19823,34
26539,2,0,0,4,3,2,Male,931,0,0,0,0,0,0,0,0,580,4,4660,20
26598,1,0,0,4,2,4,Male,108,0,0,0,0,0,0,0,0,19193,2,55805,27
26598,2,0,0,4,2,4,Male,79,0,0,0,0,0,0,0,0,1540,2,23535,30
26647,1,0,0,1,3,1,Female,65,0,0,0,0,25130,4,3,1,17137,1,47034,23
26647,2,0,0,1,3,1,Female,565,0,0,0,0,11053,5,0,0,18,1,15526,22
26678,1,0,0,1,1,1,Male,3216,0,5746,0,0,13081,5,0,0,493,1,40409,24
26678,2,0,0,1,1,1,Male,6522,0,7238,0,0,14006,7,158,2,197,1,26692,24
26695,1,0,0,5,3,4,Female,0,0,0,0,0,0,0,617,1,1678,1,13691,22
26695,2,0,0,5,3,4,Female,4,0,0,0,0,0,0,5438,1,8099,2,37299,16
26702,1,0,0,2,4,3,Male,2793,0,0,0,0,0,0,0,0,5308,2,6450,13
26702,2,0,0,2,4,3,Male,1960,0,0,0,0,0,0,0,0,22140,2,32819,21
26757,1,0,0,4,4,2,Female,3957,0,15375,0,0,0,0,180,1,11841,3,31983,21
26757,2,0,0,4,4,2,Female,7549,0,10640,0,0,0,0,1538,1,15587,3,61882,22
2677,1,0,0,4,4,4,Female,14049,0,3092,0,0,0,0,0,0,5082,2,14400,20
2677,2,0,0,4,4,4,Female,3987,0,1095,0,0,0,0,0,0,4115,4,12532,23
26772,1,0,0,1,2,1,Female,13995,0,814,0,0,0,0,805,2,689,1,39322,46
26772,2,0,0,1,2,1,Female,2150,0,706,0,0,0,0,574,2,654,1,74100,41
26843,1,0,0,3,2,4,Female,35415,0,25843,0,0,3123,2,347,1,5491,2,44827,34
26843,2,0,0,3,2,4,Female,23894,0,8659,0,0,1373,2,1244,1,1931,3,32557,29
26920,1,0,0,3,1,4,Female,3502,0,345,0,0,4361,6,0,0,2252,1,11817,19
26920,2,0,0,3,1,4,Female,316,0,0,0,0,10886,8,0,0,2862,1,20258,31
26922,1,0,0,3,3,2,Female,15450,0,0,0,0,0,0,190,1,5364,3,17184,24
26922,2,0,0,3,3,2,Female,5832,0,0,0,0,0,0,0,0,5558,3,33432,30
26949,1,0,0,1,2,1,Female,83621,0,720,0,0,0,0,9563,1,700,1,22041,20
26949,2,0,0,1,2,1,Female,22214,0,1582,55,1,0,0,6391,1,1148,2,14285,14
26951,1,0,0,3,2,4,Male,1117,0,1560,0,0,0,0,134,1,3038,1,28461,21
26951,2,0,0,3,2,4,Male,1147,0,3882,0,0,0,0,167,1,2676,1,21752,19
26962,1,0,0,4,3,2,Female,4643,0,380,0,0,0,0,0,0,648,1,2358,10
26962,2,0,0,4,3,2,Female,2280,0,970,0,0,0,0,0,0,440,1,3412,7
2702,1,0,0,5,4,4,Male,0,0,0,0,0,0,0,1177,1,391,2,2602,11
2702,2,0,0,5,4,4,Male,0,0,0,0,0,0,0,1107,1,529,1,3197,11
2724,1,0,0,3,4,4,Male,26694,0,0,0,0,70697,1,0,0,1950,1,130281,25
2724,2,0,0,3,4,4,Male,26516,0,13,0,0,72073,1,0,0,2181,1,147207,27
2744,1,0,0,3,4,4,Male,6192,0,1597,0,0,0,0,1072,2,16325,3,57195,55
2744,2,0,0,3,4,4,Male,8838,0,1021,0,0,0,0,130,1,14898,3,47693,47
2756,1,0,0,5,3,4,Male,1340,0,305,0,0,0,0,7,1,9472,3,80893,30
2756,2,0,0,5,3,4,Male,8952,0,179,0,0,0,0,22,1,10959,3,118718,26
2768,1,0,0,5,3,4,Male,2900,0,37,0,0,0,0,3228,4,28963,6,66876,28
2768,2,0,0,5,3,4,Male,3735,0,0,0,0,0,0,2146,6,6750,10,24790,40
2787,1,0,0,4,3,2,Female,7886,0,739,0,0,0,0,6,1,4800,1,77425,16
2787,2,0,0,4,3,2,Female,3783,0,325,0,0,0,0,19,1,2683,1,25904,19
2843,1,0,0,4,3,4,Female,12197,0,554,0,0,0,0,350,1,4519,2,14054,22
2843,2,0,0,4,3,4,Female,6383,0,308,0,0,0,0,0,0,26668,2,38758,20
2863,1,0,0,3,3,4,Female,2354,0,190,0,0,0,0,215,2,28887,1,65936,17
2863,2,0,0,3,3,4,Female,3236,0,220,0,0,0,0,58,1,8408,1,50688,13
2897,1,0,0,2,2,4,Male,8895,0,437,0,0,0,0,0,0,919,1,2167,11
2897,2,0,0,2,2,4,Male,10398,0,903,0,0,431,1,0,0,1149,1,3554,12
2905,1,0,0,3,4,4,Female,330,0,0,0,0,922,3,0,0,1045,1,8598,23
2905,2,0,0,3,4,4,Female,3960,0,0,0,0,23627,3,0,0,1903,1,33478,24
2925,1,0,0,4,3,3,Female,0,0,0,0,0,184,1,0,0,4687,1,42383,25
2925,2,0,0,4,3,3,Female,0,0,0,0,0,0,0,0,0,7340,1,102689,26
2947,1,0,0,4,4,4,Female,33414,0,3744,0,0,0,0,1779,1,7860,3,84406,33
2947,2,0,0,4,4,4,Female,38465,0,2647,0,0,0,0,990,1,13629,5,44612,28
2989,1,0,0,3,4,4,Female,19659,0,14619,0,0,1410,3,7,1,2476,4,48709,38
2989,2,0,0,3,4,4,Female,12883,0,27732,0,0,864,2,0,0,6212,4,73557,35
3007,1,0,0,3,3,4,Male,3822,0,965,0,0,1527,2,0,0,4782,1,31386,32
3007,2,0,0,3,3,4,Male,1607,0,1530,0,0,2202,2,0,0,8142,1,17183,28
3017,1,0,0,5,3,4,Female,23086,0,0,0,0,0,0,4,1,1472,1,5002,18
3017,2,0,0,5,3,4,Female,1056,0,1589,0,0,0,0,0,0,1093,1,4872,14
3022,1,0,0,4,4,4,Male,4055,0,919,0,0,0,0,5100,2,3620,2,53276,45
3022,2,0,0,4,4,4,Male,4564,0,221,0,0,0,0,1441,1,677,1,18749,27
3029,1,0,0,5,4,4,Male,3935,0,0,0,0,0,0,0,0,26720,2,34764,13
3029,2,0,0,5,4,4,Male,341,0,0,0,0,0,0,0,0,5083,2,41868,23
3052,1,0,0,4,3,4,Female,10097,0,1010,0,0,0,0,0,0,10294,3,19644,16
3052,2,0,0,4,3,4,Female,10915,0,580,0,0,0,0,0,0,8393,3,14733,16
3100,1,1,0,3,4,4,Female,19543,0,1015,0,0,0,0,2634,1,857,2,8803,19
3100,2,1,1,3,4,4,Female,80772,25351,15937,3204,1,0,0,3459,1,4328,2,37415,29
3103,1,0,0,5,4,4,Female,825,0,564,0,0,0,0,0,0,42804,2,47095,18
3103,2,0,0,5,4,4,Female,1006,0,0,0,0,0,0,0,0,4882,1,8260,9
3117,1,0,0,3,3,4,Female,6093,0,4212,0,0,3377,1,0,0,4191,1,19879,21
3117,2,0,0,3,3,4,Female,4903,0,3925,0,0,5704,1,0,0,2060,1,24914,22
3139,1,0,0,4,3,4,Female,3386,0,3803,0,0,44707,6,0,0,1793,2,77542,34
3139,2,0,0,4,3,4,Female,4412,0,3073,0,0,23198,3,0,0,1347,1,50229,32
3143,1,0,0,4,3,4,Male,864,0,0,0,0,1289,2,0,0,2151,2,17927,26
3143,2,0,0,4,3,4,Male,133,0,0,0,0,30,1,0,0,1984,2,8080,19
3157,1,0,0,4,3,4,Male,2310,0,149,0,0,7088,2,218,2,6550,4,68982,54
3157,2,0,0,4,3,4,Male,3925,0,268,0,0,1243,5,1800,4,5156,3,67092,62
3180,1,0,0,5,4,4,Female,22179,0,0,0,0,0,0,0,0,1337,2,25992,19
3180,2,0,0,5,4,4,Female,14800,0,0,0,0,0,0,0,0,883,1,19438,15
3204,1,0,0,4,2,4,Male,1403,0,6,0,0,0,0,0,0,4815,1,34535,16
3204,2,0,0,4,2,4,Male,1596,0,25,0,0,0,0,3,1,2081,2,43999,15
3207,1,0,0,4,3,4,Female,10973,0,16,0,0,56189,2,1768,1,11421,2,114808,49
3207,2,0,0,4,3,4,Female,4552,0,4,0,0,46006,4,1792,1,11354,4,121514,51
3211,1,0,0,3,3,4,Female,21529,0,0,0,0,0,0,0,0,11191,4,33452,22
3211,2,0,0,3,3,4,Female,48405,0,0,0,0,0,0,0,0,11972,2,38147,23
3214,1,0,0,3,2,4,Male,13345,0,112,0,0,0,0,0,0,4866,3,34314,26
3214,2,0,0,3,2,4,Male,21809,0,195,0,0,0,0,0,0,1623,3,33845,21
3220,1,0,0,3,2,4,Male,1098,0,17,0,0,16097,3,0,0,1937,3,29901,29
3220,2,0,0,3,2,4,Male,6402,0,0,0,0,12522,1,0,0,3381,3,41652,32
3238,1,0,0,4,4,4,Male,2711,0,8152,0,0,0,0,6769,1,3781,2,35278,32
3238,2,0,0,4,4,4,Male,607,0,4581,86,2,0,0,6513,2,5055,2,58368,30
3242,1,0,0,4,2,3,Male,40277,0,8119,0,0,5265,1,77,1,14742,1,74214,36
3242,2,0,0,4,2,3,Male,13884,0,8999,0,0,27276,1,0,0,7724,3,81542,44
3246,1,0,0,3,4,4,Male,3574,0,3958,0,0,0,0,4929,2,1780,1,28948,28
3246,2,0,0,3,4,4,Male,2550,0,3809,0,0,0,0,1935,3,2423,1,49001,29
3257,1,0,0,5,3,4,Male,15677,0,0,0,0,0,0,0,0,2011,1,39805,31
3257,2,0,0,5,3,4,Male,4787,0,0,0,0,0,0,7,2,10104,3,64934,37
3260,1,0,0,4,4,4,Male,15147,0,103,0,0,0,0,299,1,2716,2,7471,17
3260,2,0,0,4,4,4,Male,36622,0,1619,0,0,272,1,481,2,4219,2,16776,32
3266,1,0,0,5,4,4,Female,10265,0,144,0,0,0,0,0,0,1624,2,18339,15
3266,2,0,0,5,4,4,Female,5752,0,0,0,0,0,0,0,0,1571,1,8152,13
3283,1,0,0,4,4,4,Male,1682,0,0,0,0,0,0,17847,2,7883,4,39797,28
3283,2,0,0,4,4,4,Male,13239,0,0,0,0,0,0,22759,2,12396,4,62747,32
3285,1,0,0,3,4,4,Female,16871,0,245,0,0,28,1,0,0,5734,3,15902,20
3285,2,0,0,3,4,4,Female,9042,0,2641,0,0,4032,2,0,0,6230,3,20669,24
3286,1,0,0,5,3,4,Female,4259,0,5745,0,0,0,0,655,1,1695,2,8854,33
3286,2,0,0,5,3,4,Female,6884,0,4258,0,0,1108,3,1237,1,15758,2,32027,35
3343,1,0,0,4,2,4,Female,1467,0,9045,0,0,215,1,136,2,5688,4,31018,43
3343,2,0,0,4,2,4,Female,2233,0,3840,0,0,1260,2,160,2,1202,1,22979,28
3346,1,0,0,3,3,4,Female,1793,0,0,0,0,0,0,0,0,2749,2,5503,11
3346,2,0,0,3,3,4,Female,105,0,0,0,0,0,0,10,1,1889,1,6793,11
3355,1,0,0,5,4,4,Male,11986,0,0,0,0,3762,1,9,2,2365,2,17497,16
3355,2,0,0,5,4,4,Male,13245,0,98,0,0,3217,1,0,0,2732,1,42600,16
3361,1,0,0,4,2,4,Male,16,0,236,0,0,8402,2,0,0,11561,2,40335,26
3361,2,0,0,4,2,4,Male,844,0,191,0,0,7703,2,0,0,7182,2,36392,24
339,1,0,0,4,3,4,Male,0,0,0,0,0,0,0,5089,2,7331,3,76529,30
339,2,0,0,4,3,4,Male,0,0,0,0,0,0,0,9813,2,10057,4,75863,25
3441,1,0,0,3,2,2,Male,3530,0,59,0,0,4677,2,0,0,663,3,48970,27
3441,2,0,0,3,2,2,Male,3119,0,373,632,1,2869,2,0,0,1694,2,36983,34
3465,1,0,0,3,3,4,Male,12771,0,0,0,0,316,1,0,0,2367,2,33334,18
3465,2,0,0,3,3,4,Male,14837,0,0,0,0,0,0,0,0,2889,3,21604,20
3479,1,0,0,4,4,4,Male,16994,0,708,0,0,0,0,0,0,7424,3,44611,15
3479,2,0,0,4,4,4,Male,13354,0,0,0,0,0,0,0,0,5900,2,14644,15
3494,1,0,0,5,3,4,Male,9845,0,2516,0,0,0,0,1778,2,1732,4,28996,47
3494,2,0,0,5,3,4,Male,3998,0,4382,0,0,0,0,624,2,2224,4,22886,44
3500,1,0,0,4,2,2,Female,5532,0,812,0,0,52974,1,0,0,22672,2,80253,8
3500,2,0,0,4,2,2,Female,5133,0,1012,0,0,66603,1,0,0,1716,2,74218,13
3558,1,0,0,4,3,2,Male,0,0,0,0,0,0,0,0,0,487,1,65329,12
3558,2,0,0,4,3,2,Male,0,0,0,0,0,0,0,0,0,1053,2,25650,21
3562,1,0,0,5,3,4,Male,428,0,0,0,0,0,0,757,1,4957,1,13097,18
3562,2,0,0,5,3,4,Male,378,0,90,0,0,0,0,728,1,3152,1,38887,22
3576,1,0,0,5,3,4,Female,13860,0,0,0,0,2047,1,4,1,9688,1,15924,16
3576,2,0,0,5,3,4,Female,13976,0,0,0,0,0,0,0,0,27338,1,30364,10
3608,1,0,0,4,4,4,Male,1299,0,2176,0,0,7250,3,0,0,1035,1,17048,27
3608,2,0,0,4,4,4,Male,1110,0,10159,0,0,61091,5,0,0,515,2,75846,27
3609,1,0,0,4,3,4,Male,15881,0,0,0,0,0,0,0,0,1473,1,7718,15
3609,2,0,0,4,3,4,Male,21707,0,0,0,0,0,0,0,0,673,4,10647,23
361,1,0,0,3,3,4,Male,19848,0,30,0,0,2410,4,372,1,851,2,17613,23
361,2,0,0,3,3,4,Male,22409,0,244,0,0,72,1,426,1,11,1,8879,15
3615,1,0,0,5,3,4,Male,9845,0,2516,0,0,0,0,1778,2,1732,4,28996,47
3615,2,0,0,5,3,4,Male,3998,0,4382,0,0,0,0,624,2,2224,4,22886,44
3616,1,0,0,5,4,4,Male,15680,0,1161,0,0,4778,2,858,1,25264,2,40362,18
3616,2,0,0,5,4,4,Male,32730,0,0,0,0,329,1,67,1,44798,1,50735,13
3621,1,0,0,3,3,4,Male,4887,0,0,0,0,20969,3,0,0,773,2,24274,20
3621,2,0,0,3,3,4,Male,3575,0,0,0,0,26734,5,0,0,1886,2,38869,29
3622,1,0,0,2,3,3,Male,34460,0,568,0,0,0,0,341,1,724,2,12393,15
3622,2,0,0,2,3,3,Male,31926,0,1100,0,0,0,0,1453,1,5832,1,9673,14
3651,1,0,0,3,3,3,Male,1523,0,0,0,0,211748,2,0,0,973,2,217740,20
3651,2,0,0,3,3,3,Male,2051,0,0,0,0,221594,3,0,0,1670,5,228608,26
3682,1,0,0,4,4,4,Male,11753,0,579,0,0,10,1,0,0,2310,2,16243,33
3682,2,0,0,4,4,4,Male,19645,0,2338,0,0,0,0,0,0,17265,2,38041,42
3689,1,0,0,2,2,3,Female,14053,0,0,0,0,0,0,12283,3,21053,2,55174,26
3689,2,0,0,2,2,3,Female,9824,0,0,0,0,0,0,28738,4,14427,2,94395,29
3708,1,0,0,4,3,4,Male,24307,0,1522,0,0,29,1,3814,6,8687,5,70096,50
3708,2,0,0,4,3,4,Male,29243,0,0,0,0,0,0,4194,6,3295,6,44365,51
3724,1,0,0,5,4,4,Male,4210,0,0,0,0,0,0,0,0,3855,2,43471,20
3724,2,0,0,5,4,4,Male,3265,0,0,0,0,0,0,0,0,3471,2,39862,16
3739,1,0,0,2,3,3,Female,53625,0,0,0,0,1596,1,0,0,2340,2,33490,17
3739,2,0,0,2,3,3,Female,68382,0,0,0,0,0,0,6,1,492,2,16566,20
3776,1,0,0,2,3,3,Female,30751,0,2013,0,0,532,1,7836,2,1400,4,78598,31
3776,2,0,0,2,3,3,Female,34455,0,1247,0,0,0,0,6092,2,1639,2,19727,23
379,1,0,0,4,4,4,Male,0,0,0,0,0,0,0,0,0,1723,1,38195,15
379,2,0,0,4,4,4,Male,0,0,0,0,0,0,0,0,0,1851,1,13418,11
3814,1,0,0,3,2,4,Female,3466,0,0,0,0,0,0,5,1,8459,4,13542,19
3814,2,0,0,3,2,4,Female,3459,0,0,0,0,0,0,4,1,8324,2,22123,10
3823,1,0,0,3,3,4,Female,13920,0,0,0,0,0,0,0,0,1777,1,16569,18
3823,2,0,0,3,3,4,Female,19551,0,0,0,0,0,0,0,0,2579,1,22213,19
3882,1,0,0,3,3,4,Female,15933,0,2080,0,0,2254,1,63,1,2459,1,10907,19
3882,2,0,0,3,3,4,Female,15381,0,2781,0,0,1315,1,168,2,1398,2,17196,19
3889,1,0,0,4,4,4,Male,0,0,0,0,0,0,0,0,0,9814,2,15963,20
3889,2,0,0,4,4,4,Male,0,0,0,0,0,4005,4,0,0,3543,2,44348,37
3894,1,0,0,3,4,4,Male,3145,0,0,0,0,0,0,9,1,3480,1,5935,13
3894,2,0,0,3,4,4,Male,2893,0,0,0,0,0,0,27,1,815,1,10459,15
3908,1,0,0,2,3,3,Male,18686,0,244,0,0,0,0,21342,2,1215,2,71660,43
3908,2,0,0,2,3,3,Male,34742,0,281,0,0,0,0,41528,2,2640,1,100967,44
3923,1,0,0,4,2,4,Male,1700,0,1305,0,0,0,0,2262,1,1836,7,20061,23
3923,2,0,0,4,2,4,Male,702,0,947,0,0,0,0,2393,2,2434,4,33311,31
3975,1,0,0,4,4,4,Male,8276,0,0,0,0,267,1,763,2,2353,5,43836,46
3975,2,0,0,4,4,4,Male,7963,0,0,0,0,409,3,3118,2,4219,2,49042,42
3978,1,0,0,3,2,2,Male,6340,0,16,0,0,0,0,0,0,649,1,4409,9
3978,2,0,0,3,2,2,Male,1148,0,417,0,0,1589,1,0,0,401,1,9899,9
40,1,0,0,3,4,4,Male,3484,0,895,0,0,19285,2,429,1,4092,1,32448,19
40,2,0,0,3,4,4,Male,1918,0,1468,0,0,41330,1,131,1,3160,1,56602,16
4037,1,1,0,2,2,4,Female,16956,0,3192,0,0,4374,3,660,2,9606,4,30854,42
4037,2,1,1,2,2,4,Female,18922,1085,729,1518,1,154,2,1796,2,7795,2,14447,27
4040,1,0,0,2,4,4,Male,24690,0,0,0,0,72,1,92,1,5143,3,54137,22
4040,2,0,0,2,4,4,Male,1710,0,0,0,0,0,0,0,0,15065,3,26291,16
4044,1,1,0,2,2,4,Female,11187,0,1755,0,0,0,0,187,1,27400,1,35818,26
4044,2,1,1,2,2,4,Female,8436,2161,1018,6125,2,0,0,0,0,43186,1,59607,9
4058,1,0,0,4,3,4,Male,3479,0,2516,0,0,283,1,61,1,4285,1,9440,16
4058,2,0,0,4,3,4,Male,2206,0,1994,0,0,729,1,0,0,4658,2,9358,18
4102,1,0,0,4,4,4,Male,1077,0,0,0,0,0,0,0,0,7201,3,41970,20
4102,2,0,0,4,4,4,Male,4227,0,301,0,0,0,0,289,2,1531,4,62387,25
4129,1,0,0,5,3,4,Male,4241,0,1622,0,0,0,0,4579,2,2073,3,13377,17
4129,2,0,0,5,3,4,Male,6904,0,3995,0,0,0,0,6919,2,1982,3,20698,21
4150,1,0,0,3,3,4,Male,2965,0,0,0,0,7736,7,0,0,1474,2,33767,29
4150,2,0,0,3,3,4,Male,2176,0,0,0,0,10464,5,0,0,726,3,82763,30
4152,1,0,0,5,4,4,Male,1152,0,621,0,0,0,0,120,2,3711,4,8044,21
4152,2,0,0,5,4,4,Male,4314,0,0,0,0,0,0,1335,2,3788,1,44263,18
4235,1,0,0,5,4,4,Male,4859,0,0,0,0,0,0,0,0,2955,2,6029,15
4235,2,0,0,5,4,4,Male,3259,0,382,0,0,0,0,0,0,1574,2,4680,15
4237,1,0,0,5,4,4,Male,0,0,0,0,0,0,0,0,0,50066,2,57569,8
4237,2,0,0,5,4,4,Male,0,0,0,0,0,0,0,0,0,58228,2,64046,7
4238,1,0,0,5,4,4,Male,902,0,57,0,0,0,0,4,1,9995,4,26682,26
4238,2,0,0,5,4,4,Male,4291,0,61,0,0,0,0,400,1,31303,3,42659,22
4260,1,0,0,5,4,4,Male,14890,0,0,0,0,0,0,753,1,13820,5,47888,40
4260,2,0,0,5,4,4,Male,7106,0,0,0,0,0,0,0,0,14253,3,20218,25
4278,1,0,0,5,3,4,Male,5052,0,3,0,0,303,1,2011,2,3861,2,76704,23
4278,2,0,0,5,3,4,Male,3124,0,0,0,0,1593,2,16677,1,5444,3,89715,27
4284,1,0,0,5,4,4,Male,19508,0,0,0,0,0,0,212,1,8697,1,15832,11
4284,2,0,0,5,4,4,Male,31375,0,0,0,0,0,0,676,2,46380,2,66353,15
4318,1,0,0,5,3,4,Male,4241,0,1622,0,0,0,0,4579,2,2073,3,13377,17
4318,2,0,0,5,3,4,Male,6904,0,3995,0,0,0,0,6919,2,1982,3,20698,21
4335,1,0,0,2,2,3,Male,467,0,0,0,0,0,0,0,0,14441,2,41807,31
4335,2,0,0,2,2,3,Male,5909,0,0,0,0,0,0,0,0,26912,5,61309,36
4343,1,0,0,3,4,4,Female,4634,0,21,0,0,0,0,21873,2,9501,2,69988,25
4343,2,0,0,3,4,4,Female,4810,0,2158,0,0,0,0,18589,2,16462,3,49172,22
4366,1,0,0,4,4,4,Male,14776,0,0,0,0,0,0,594,2,2046,2,99477,24
4366,2,0,0,4,4,4,Male,4553,0,0,0,0,275,1,778,1,2726,3,73711,28
4406,1,0,0,4,2,4,Male,5920,0,2843,0,0,0,0,10184,2,10439,1,61016,25
4406,2,0,0,4,2,4,Male,7122,0,3205,0,0,0,0,3960,2,4651,1,19566,24
4407,1,0,0,4,3,4,Male,0,0,0,0,0,3,1,0,0,914,1,47667,25
4407,2,0,0,4,3,4,Male,272,0,0,0,0,0,0,0,0,380,1,8081,17
4433,1,0,0,3,4,4,Male,10176,0,0,0,0,0,0,0,0,2902,1,54890,30
4433,2,0,0,3,4,4,Male,4343,0,0,0,0,0,0,39,1,4636,1,68090,45
4446,1,0,0,5,4,4,Male,9200,0,0,0,0,0,0,0,0,11316,1,76258,16
4446,2,0,0,5,4,4,Male,6149,0,0,0,0,0,0,0,0,11919,1,52800,14
4452,1,0,0,5,4,4,Female,22179,0,0,0,0,0,0,0,0,1337,2,25992,19
4452,2,0,0,5,4,4,Female,14800,0,0,0,0,0,0,0,0,883,1,19438,15
4457,1,0,0,4,2,4,Male,0,0,0,0,0,12045,2,0,0,3982,3,201713,41
4457,2,0,0,4,2,4,Male,0,0,0,0,0,0,0,0,0,1181,2,219825,23
4458,1,0,0,5,4,4,Male,8080,0,922,0,0,0,0,64,1,3686,5,15223,32
4458,2,0,0,5,4,4,Male,3252,0,34,0,0,0,0,3,1,2103,5,6348,29
4475,1,0,0,3,3,4,Female,2063,0,4354,0,0,0,0,2078,1,3104,2,7544,11
4475,2,0,0,3,3,4,Female,1574,0,7102,0,0,0,0,1548,1,1827,2,6400,11
4480,1,0,0,4,4,2,Female,5442,0,43,0,0,2965,5,0,0,4549,2,37468,19
4480,2,0,0,4,4,2,Female,3310,0,980,0,0,4573,2,0,0,2846,3,100922,28
4493,1,0,0,2,4,3,Female,25732,0,1403,0,0,0,0,1154,1,1075,3,42809,19
4493,2,0,0,2,4,3,Female,36684,0,1714,0,0,0,0,78,1,1366,2,71133,17
4499,1,0,0,4,3,2,Female,29669,0,505,0,0,0,0,976,1,455,1,102540,20
4499,2,0,0,4,3,2,Female,2380,0,29,0,0,557,1,28,1,659,1,14498,14
4524,1,0,0,5,3,4,Female,23086,0,0,0,0,0,0,4,1,1472,1,5002,18
4524,2,0,0,5,3,4,Female,1056,0,1589,0,0,0,0,0,0,1093,1,4872,14
4552,1,0,0,4,4,4,Male,4770,0,1953,0,0,0,0,121,1,3334,2,26049,36
4552,2,0,0,4,4,4,Male,2370,0,364,0,0,377,1,0,0,930,1,10529,22
4584,1,0,0,5,4,2,Male,14726,0,0,0,0,0,0,121,2,2517,4,62547,59
4584,2,0,0,5,4,2,Male,0,0,0,0,0,0,0,0,0,117,1,101036,28
4611,1,0,0,4,3,4,Male,56627,0,5178,0,0,431,2,0,0,22614,3,116996,27
4611,2,0,0,4,3,4,Male,15044,0,0,0,0,0,0,0,0,10900,3,130611,22
462,1,0,0,4,4,4,Male,3563,0,0,0,0,2311,1,0,0,2408,5,37088,34
462,2,0,0,4,4,4,Male,1637,0,0,0,0,1083,4,0,0,3743,2,44778,31
4627,1,0,0,5,2,4,Male,5106,0,0,0,0,0,0,13,1,4167,2,34715,31
4627,2,0,0,5,2,4,Male,4640,0,0,0,0,0,0,0,0,2500,1,32109,30
4639,1,0,0,4,3,4,Male,552,0,0,0,0,1387,1,0,0,30560,3,95884,18
4639,2,0,0,4,3,4,Male,31,0,0,0,0,1924,1,0,0,419,2,15234,13
4641,1,0,0,5,4,4,Male,0,0,0,0,0,0,0,0,0,375,1,4461,11
4641,2,0,0,5,4,4,Male,0,0,0,0,0,0,0,0,0,440,2,3832,6
466,1,0,0,4,4,4,Male,0,0,0,0,0,0,0,0,0,9814,2,15963,20
466,2,0,0,4,4,4,Male,0,0,0,0,0,4005,4,0,0,3543,2,44348,37
4660,1,0,0,2,2,2,Female,10822,0,0,0,0,25381,4,529,2,2565,3,65277,33
4660,2,0,0,2,2,2,Female,6152,0,0,0,0,33255,5,107,2,1066,3,67293,30
4683,1,0,0,3,3,4,Male,232,0,0,0,0,0,0,0,0,14319,2,17713,11
4683,2,0,0,3,3,4,Male,517,0,0,0,0,281,3,0,0,20287,2,26990,18
4695,1,0,0,3,2,4,Female,12990,0,6316,0,0,139,1,2533,2,10442,3,53751,29
4695,2,0,0,3,2,4,Female,7896,0,9280,0,0,415,2,692,2,6738,2,57287,31
4714,1,0,0,5,4,4,Male,15680,0,1161,0,0,4778,2,858,1,25264,2,40362,18
4714,2,0,0,5,4,4,Male,32730,0,0,0,0,329,1,67,1,44798,1,50735,13
4720,1,0,0,4,3,4,Female,319,0,0,0,0,6174,4,2504,2,68,1,10112,11
4720,2,0,0,4,3,4,Female,2545,0,0,0,0,32792,5,21263,2,2984,3,73864,34
4725,1,0,0,3,3,4,Male,10093,0,0,0,0,72939,8,0,0,752,2,82504,30
4725,2,0,0,3,3,4,Male,6432,0,0,0,0,72592,3,0,0,2101,2,79393,26
4750,1,0,0,4,4,4,Male,118,0,188,0,0,0,0,269,1,853,2,9915,14
4750,2,0,0,4,4,4,Male,45,0,318,0,0,0,0,220,1,949,3,18707,25
4754,1,0,0,3,4,4,Male,3630,0,0,0,0,444,1,0,0,3019,2,53641,53
4754,2,0,0,3,4,4,Male,3534,0,3,0,0,95,2,39,1,1951,3,72202,50
4762,1,0,0,4,4,4,Male,11503,0,1974,0,0,1342,5,0,0,14580,6,43204,51
4762,2,0,0,4,4,4,Male,10770,0,650,0,0,994,4,0,0,6454,3,43190,48
4766,1,0,0,4,4,4,Male,4445,0,208,0,0,1746,1,0,0,6748,4,23775,21
4766,2,0,0,4,4,4,Male,11522,0,206,0,0,2101,1,0,0,5746,3,22184,18
4773,1,0,0,5,3,4,Male,960,0,0,0,0,0,0,0,0,13339,2,42791,8
4773,2,0,0,5,3,4,Male,441,0,0,0,0,0,0,0,0,104095,1,139773,12
4774,1,1,0,3,3,4,Male,67490,0,3193,0,0,0,0,2585,3,1819,3,27186,43
4774,2,1,1,3,3,4,Male,58012,7816,5887,0,0,779,1,5846,3,1580,2,30484,50
4783,1,0,0,4,2,4,Male,2738,0,330,0,0,0,0,0,0,2603,2,25803,33
4783,2,0,0,4,2,4,Male,1693,0,363,0,0,0,0,0,0,1537,2,15256,28
4791,1,0,0,5,3,2,Female,5021,0,0,0,0,0,0,0,0,5860,2,14917,13
4791,2,0,0,5,3,2,Female,1168,0,0,31,1,0,0,0,0,5826,1,14165,16
4795,1,0,0,4,4,4,Female,4807,0,3474,0,0,2140,2,23047,1,2056,3,63040,26
4795,2,0,0,4,4,4,Female,5857,0,1511,0,0,7933,1,30752,2,1365,3,75199,29
4798,1,0,0,3,4,4,Female,0,0,0,0,0,0,0,0,0,1856,1,3929,12
4798,2,0,0,3,4,4,Female,0,0,0,0,0,0,0,6,1,724,1,29302,16
4828,1,0,0,4,3,4,Male,1238,0,0,0,0,1602,3,0,0,632,2,12378,19
4828,2,0,0,4,3,4,Male,1375,0,0,0,0,3585,5,0,0,1295,2,58761,23
4873,1,0,0,4,4,4,Male,0,0,0,0,0,0,0,0,0,465,1,41510,7
4873,2,0,0,4,4,4,Male,0,0,0,0,0,0,0,0,0,832,1,68466,7
4882,1,0,0,3,3,4,Male,899,0,0,0,0,889,1,0,0,13478,2,16630,12
4882,2,0,0,3,3,4,Male,1138,0,0,0,0,0,0,0,0,13492,1,14191,8
4897,1,0,0,4,3,2,Male,0,0,0,0,0,0,0,0,0,7006,2,208087,29
4897,2,0,0,4,3,2,Male,0,0,0,0,0,0,0,0,0,4474,2,237473,31
4961,1,0,0,5,2,2,Female,21324,0,83,0,0,6005,1,0,0,3912,3,14254,19
4961,2,0,0,5,2,2,Female,18530,0,0,0,0,1233,1,0,0,3895,1,10059,13
4998,1,0,0,4,4,4,Male,17250,0,8091,0,0,1694,2,13960,2,6281,2,245765,34
4998,2,0,0,4,4,4,Male,27006,0,3460,0,0,0,0,2750,1,5712,1,240253,19
5022,1,0,0,3,4,2,Female,34676,0,0,0,0,0,0,0,0,1524,1,44400,13
5022,2,0,0,3,4,2,Female,35918,0,0,0,0,0,0,0,0,3045,1,23848,13
5055,1,0,0,5,3,4,Male,3216,0,404,0,0,0,0,100,1,1845,2,76244,16
5055,2,0,0,5,3,4,Male,91,0,0,0,0,0,0,146,1,227,1,5955,10
5084,1,0,0,4,2,2,Male,3642,0,246,0,0,3882,1,0,0,2158,2,26821,38
5084,2,0,0,4,2,2,Male,2909,0,394,0,0,110,1,0,0,4609,2,29644,27
5085,1,0,0,2,2,3,Female,99016,0,5903,0,0,3321,1,0,0,8152,3,40075,30
5085,2,0,0,2,2,3,Female,51727,0,3120,0,0,283,1,0,0,3708,3,71397,25
5096,1,0,0,4,2,4,Female,59,0,0,0,0,3,1,0,0,709,1,5773,13
5096,2,0,0,4,2,4,Female,337,0,3,0,0,0,0,0,0,569,1,6196,18
5098,1,0,0,3,4,4,Female,4178,0,36,0,0,505,1,0,0,2565,2,22051,38
5098,2,0,0,3,4,4,Female,3768,0,0,0,0,4012,2,3,1,1738,2,22358,35
5102,1,0,0,2,2,4,Female,2411,0,1005,0,0,767,1,0,0,874,1,5062,16
5102,2,0,0,2,2,4,Female,554,0,1871,0,0,7599,2,0,0,885,1,12786,12
5132,1,0,0,3,3,4,Male,3093,0,400,0,0,0,0,241,2,26444,6,35070,43
5132,2,0,0,3,3,4,Male,1480,0,127,0,0,0,0,192,1,6940,5,11146,25
5134,1,0,0,4,2,4,Male,821,0,0,0,0,0,0,0,0,108,2,86100,33
5134,2,0,0,4,2,4,Male,3322,0,0,0,0,0,0,0,0,96,1,69598,23
5153,1,0,0,1,4,1,Female,8577,0,846,0,0,10866,2,0,0,4099,2,180738,27
5153,2,0,0,1,4,1,Female,1485,0,867,0,0,10699,7,153,1,1256,3,120943,33
5163,1,0,0,2,3,4,Female,34795,0,2893,0,0,0,0,4696,2,1334,1,35379,30
5163,2,0,0,2,3,4,Female,30595,0,3120,0,0,0,0,6246,2,2256,1,65379,37
5199,1,0,0,4,3,4,Female,1509,0,0,0,0,705,2,0,0,950,2,3227,15
5199,2,0,0,4,3,4,Female,1505,0,0,0,0,1652,2,0,0,1795,2,7114,19
5217,1,0,0,3,4,4,Female,2151,0,0,0,0,0,0,0,0,11281,2,16072,24
5217,2,0,0,3,4,4,Female,1157,0,1090,0,0,3086,8,3,1,3587,2,14398,33
5254,1,0,0,4,3,4,Male,10923,0,656,0,0,74722,2,320,1,3412,2,81252,19
5254,2,0,0,4,3,4,Male,6258,0,35,0,0,48496,4,49,1,2222,2,60603,23
5311,1,1,0,3,4,4,Female,45193,0,2348,0,0,0,0,830,1,11195,3,20857,28
5311,2,1,1,3,4,4,Female,2386,3087,400,17251,2,0,0,0,0,1043,2,4839,19
5323,1,0,0,1,1,1,Male,3216,0,5746,0,0,13081,5,0,0,493,1,40409,24
5323,2,0,0,1,1,1,Male,6522,0,7238,0,0,14006,7,158,2,197,1,26692,24
5325,1,0,0,2,3,4,Male,7256,0,613,0,0,36618,1,0,0,3570,3,60763,24
5325,2,0,0,2,3,4,Male,2622,0,909,20474,1,76965,8,0,0,397,1,97424,28
5349,1,1,0,3,3,4,Female,4944,0,175,0,0,18027,2,0,0,6985,2,104512,35
5349,2,1,1,3,3,4,Female,3187,138,977,0,0,15024,2,0,0,3180,2,91932,34
5377,1,0,0,4,4,4,Female,1257,0,1296,0,0,66,1,0,0,33138,1,44824,20
5377,2,0,0,4,4,4,Female,1932,0,1748,0,0,0,0,0,0,6164,1,12490,21
5409,1,0,0,4,3,2,Female,22701,0,20751,0,0,0,0,0,0,4906,3,59737,43
5409,2,0,0,4,3,2,Female,13957,0,10641,0,0,0,0,0,0,2954,3,11840,35
5416,1,0,0,4,4,4,Female,4063,0,2195,0,0,0,0,9,1,22550,4,153594,26
5416,2,0,0,4,4,4,Female,5399,0,607,0,0,0,0,9,1,10440,2,122080,25
5418,1,0,0,4,3,2,Female,1459,0,0,0,0,0,0,0,0,3768,2,9344,22
5418,2,0,0,4,3,2,Female,1152,0,0,0,0,0,0,0,0,4964,1,7662,11
5437,1,0,0,4,4,4,Male,1459,0,0,0,0,0,0,45,1,2354,2,22083,35
5437,2,0,0,4,4,4,Male,770,0,142,0,0,10,1,6,1,1717,2,53307,39
5454,1,0,0,5,4,4,Male,0,0,0,0,0,0,0,0,0,15544,2,95954,30
5454,2,0,0,5,4,4,Male,0,0,0,0,0,0,0,0,0,2584,2,45974,23
5473,1,0,0,4,4,4,Male,1682,0,0,0,0,0,0,17847,2,7883,4,39797,28
5473,2,0,0,4,4,4,Male,13239,0,0,0,0,0,0,22759,2,12396,4,62747,32
5474,1,0,0,3,4,4,Female,5875,0,7978,0,0,0,0,27,1,2304,5,7521,24
5474,2,0,0,3,4,4,Female,10297,0,10775,0,0,0,0,253,1,3364,2,15655,31
5483,1,0,0,3,4,4,Male,7030,0,114,0,0,70,1,0,0,3300,2,28588,31
5483,2,0,0,3,4,4,Male,6916,0,0,0,0,0,0,18,1,4981,2,28058,36
5491,1,0,0,3,3,4,Female,310,0,0,0,0,3877,1,0,0,1966,1,48251,32
5491,2,0,0,3,3,4,Female,541,0,0,0,0,20608,1,0,0,2791,2,62327,25
5499,1,0,0,4,3,4,Male,3479,0,2516,0,0,283,1,61,1,4285,1,9440,16
5499,2,0,0,4,3,4,Male,2206,0,1994,0,0,729,1,0,0,4658,2,9358,18
5504,1,0,0,4,3,2,Female,10915,0,0,0,0,0,0,0,0,3699,2,19393,29
5504,2,0,0,4,3,2,Female,2206,0,0,0,0,0,0,0,0,901,2,9238,20
5533,1,0,0,4,2,4,Male,0,0,0,0,0,0,0,0,0,6999,3,79073,26
5533,2,0,0,4,2,4,Male,0,0,0,0,0,0,0,0,0,5698,3,62815,27
5561,1,0,0,3,3,4,Male,1092,0,0,0,0,15460,2,20055,4,2718,4,58987,38
5561,2,0,0,3,3,4,Male,1745,0,0,0,0,11599,3,18047,3,1947,4,50228,36
5615,1,0,0,4,3,4,Female,316,0,4,0,0,0,0,0,0,2905,1,22577,22
5615,2,0,0,4,3,4,Female,578,0,3,0,0,0,0,0,0,1976,2,17778,38
5664,1,0,0,3,3,4,Female,2399,0,0,0,0,0,0,33427,2,7480,1,88388,40
5664,2,0,0,3,3,4,Female,580,0,0,0,0,0,0,13599,2,1800,1,105809,32
5673,1,0,0,4,4,4,Male,0,0,0,0,0,1300,3,5310,1,3282,2,43034,35
5673,2,0,0,4,4,4,Male,0,0,0,0,0,1185,2,3437,1,3298,3,83324,28
5677,1,0,0,4,3,4,Male,0,0,0,0,0,87,1,0,0,3501,2,9188,17
5677,2,0,0,4,3,4,Male,0,0,0,0,0,0,0,0,0,2070,2,27433,12
5696,1,0,0,2,2,4,Female,30343,0,402,0,0,0,0,3371,1,1358,1,17171,27
5696,2,0,0,2,2,4,Female,33976,0,51,0,0,0,0,4747,1,563,1,10999,22
57,1,0,0,4,4,4,Male,2419,0,0,0,0,0,0,0,0,3081,1,7504,21
57,2,0,0,4,4,4,Male,0,0,0,0,0,0,0,0,0,1463,1,85835,11
5733,1,0,0,3,3,2,Female,0,0,0,0,0,0,0,0,0,5091,1,31442,18
5733,2,0,0,3,3,2,Female,0,0,0,0,0,0,0,0,0,6223,1,13898,19
5734,1,0,0,3,2,2,Male,16601,0,480,0,0,0,0,0,0,1535,3,107903,18
5734,2,0,0,3,2,2,Male,12929,0,1072,0,0,0,0,0,0,1633,3,57929,22
5763,1,0,0,2,3,4,Female,0,0,0,0,0,0,0,0,0,4399,2,50157,19
5763,2,0,0,2,3,4,Female,0,0,0,0,0,0,0,0,0,2500,2,88667,22
5787,1,0,0,2,4,4,Female,13915,0,1913,0,0,1862,1,6733,1,25411,3,43644,18
5787,2,0,0,2,4,4,Female,13012,0,519,0,0,12,1,10012,1,28907,2,49129,21
579,1,0,0,3,3,4,Male,4119,0,0,0,0,29364,2,0,0,6427,4,76366,36
579,2,0,0,3,3,4,Male,2856,0,0,0,0,26796,1,0,0,5677,4,83901,40
5791,1,1,0,3,3,4,Female,15718,0,6384,0,0,34749,5,2594,1,4957,1,69832,31
5791,2,1,1,3,3,4,Female,13036,10,3707,0,0,23959,3,815,1,2570,1,82581,27
5817,1,0,0,3,3,4,Male,0,0,0,0,0,4799,3,16,1,10262,2,113382,50
5817,2,0,0,3,3,4,Male,0,0,0,0,0,6002,5,13,1,4976,3,66291,61
5834,1,0,0,5,4,4,Female,19359,0,6183,0,0,6739,1,0,0,5668,2,15859,20
5834,2,0,0,5,4,4,Female,20078,0,3093,0,0,5578,2,0,0,2580,3,12481,21
5893,1,0,0,5,3,4,Male,521,0,0,0,0,0,0,0,0,5443,2,19459,20
5893,2,0,0,5,3,4,Male,1131,0,0,0,0,0,0,0,0,6003,1,33054,21
5912,1,0,0,4,4,4,Female,4234,0,0,0,0,143286,3,9,2,1220,3,199339,19
5912,2,0,0,4,4,4,Female,8046,0,0,0,0,151520,2,42,1,2159,1,183849,24
5919,1,0,0,3,4,4,Male,363,0,0,0,0,3963,1,4931,1,895,2,25283,21
5919,2,0,0,3,4,4,Male,4787,0,0,0,0,0,0,4671,1,1770,3,71180,35
5926,1,0,0,4,4,2,Male,0,0,0,0,0,0,0,0,0,0,0,1022,1
5926,2,0,0,4,4,2,Male,0,0,0,0,0,0,0,0,0,0,0,1532,1
5931,1,0,0,2,2,3,Male,9595,0,0,0,0,0,0,11208,1,2349,3,68355,28
5931,2,0,0,2,2,3,Male,24552,0,0,0,0,0,0,10443,1,221,3,50878,28
5949,1,1,0,2,3,3,Female,56534,0,0,0,0,129,2,4894,1,5569,1,92900,61
5949,2,1,1,2,3,3,Female,65809,4886,0,0,0,31,1,6813,1,5320,2,95471,62
5959,1,0,0,4,3,2,Male,2503,0,28,0,0,6102,2,1998,1,8284,1,70921,18
5959,2,0,0,4,3,2,Male,174,0,0,0,0,1956,1,0,0,6493,1,52435,11
597,1,0,0,4,4,4,Male,14252,0,0,0,0,0,0,0,0,6225,3,19723,21
597,2,0,0,4,4,4,Male,6402,0,0,0,0,0,0,0,0,2091,2,8875,19
5975,1,0,0,3,3,4,Female,10428,0,9410,0,0,9268,6,0,0,3453,3,74332,38
5975,2,0,0,3,3,4,Female,13338,0,16828,0,0,5755,8,0,0,2223,3,73048,47
5982,1,0,0,4,4,4,Male,318,0,0,0,0,0,0,292,2,40856,3,50366,26
5982,2,0,0,4,4,4,Male,0,0,0,0,0,0,0,0,0,15440,2,18878,17
5987,1,1,0,5,4,4,Female,8236,0,7578,0,0,25640,2,333,1,4240,2,41637,30
5987,2,1,1,5,4,4,Female,13736,597,13031,160,1,30513,1,198,1,2587,2,47699,28
5994,1,0,0,5,4,4,Male,9855,0,0,0,0,0,0,0,0,11221,2,72219,35
5994,2,0,0,5,4,4,Male,8233,0,0,0,0,0,0,0,0,11903,1,53143,30
5995,1,1,0,3,4,4,Female,19543,0,1015,0,0,0,0,2634,1,857,2,8803,19
5995,2,1,1,3,4,4,Female,80772,25351,15937,3204,1,0,0,3459,1,4328,2,37415,29
6025,1,0,0,2,3,4,Male,8794,0,0,0,0,0,0,6513,3,7367,4,77878,27
6025,2,0,0,2,3,4,Male,7641,0,0,0,0,910,1,8392,2,8716,3,94756,26
6037,1,0,0,5,3,4,Male,4241,0,1622,0,0,0,0,4579,2,2073,3,13377,17
6037,2,0,0,5,3,4,Male,6904,0,3995,0,0,0,0,6919,2,1982,3,20698,21
6059,1,0,0,2,2,3,Male,16959,0,0,0,0,31354,1,1332,1,1215,1,83567,25
6059,2,0,0,2,2,3,Male,15175,0,4,0,0,52854,2,1267,1,399,1,114228,20
6070,1,0,0,2,2,4,Male,23427,0,622,0,0,42,1,14726,3,8882,5,54713,52
6070,2,0,0,2,2,4,Male,11341,0,495,0,0,0,0,9974,3,15534,4,70392,47
6079,1,0,0,2,4,4,Female,12809,0,0,0,0,0,0,1254,2,596,2,70557,40
6079,2,0,0,2,4,4,Female,18324,0,0,0,0,0,0,343,1,1401,3,62038,29
6090,1,0,0,3,3,3,Female,4875,0,6,0,0,6995,1,0,0,4031,4,25670,27
6090,2,0,0,3,3,3,Female,7225,0,97,0,0,0,0,0,0,3065,4,21026,28
6092,1,0,0,2,2,4,Male,26524,0,3084,0,0,0,0,11932,1,852,2,96515,27
6092,2,0,0,2,2,4,Male,33719,0,2107,0,0,0,0,14999,1,718,1,90687,21
6100,1,1,0,2,2,4,Male,12193,0,422,0,0,54014,3,0,0,21367,3,97309,30
6100,2,1,1,2,2,4,Male,11586,4669,176,1196,1,20417,3,0,0,10165,2,61664,27
6125,1,0,0,3,3,4,Male,0,0,0,0,0,0,0,0,0,3115,1,73738,17
6125,2,0,0,3,3,4,Male,0,0,0,0,0,0,0,0,0,6858,1,33346,14
6126,1,1,0,2,3,3,Female,2776,0,3297,0,0,123,1,0,0,3068,4,22841,30
6126,2,1,1,2,3,3,Female,5062,1025,873,249,2,1400,1,0,0,4411,2,36247,35
6141,1,0,0,3,4,4,Female,0,0,0,0,0,0,0,0,0,1856,1,3929,12
6141,2,0,0,3,4,4,Female,0,0,0,0,0,0,0,6,1,724,1,29302,16
6151,1,0,0,3,3,4,Male,0,0,0,0,0,517,2,6615,2,1165,3,19528,27
6151,2,0,0,3,3,4,Male,0,0,0,0,0,7740,1,6537,1,404,3,31184,18
6159,1,0,0,4,2,4,Male,2845,0,0,0,0,7557,2,0,0,2882,4,51295,28
6159,2,0,0,4,2,4,Male,2224,0,0,0,0,8766,1,126,1,2276,3,51499,23
6171,1,0,0,4,4,4,Male,2419,0,0,0,0,0,0,0,0,3081,1,7504,21
6171,2,0,0,4,4,4,Male,0,0,0,0,0,0,0,0,0,1463,1,85835,11
6192,1,0,0,5,3,4,Male,15754,0,233,0,0,0,0,4568,2,12961,2,45486,43
6192,2,0,0,5,3,4,Male,22012,0,342,0,0,0,0,122,1,5038,4,47348,53
6201,1,0,0,4,3,4,Male,38917,0,63,0,0,59166,5,985,1,19872,4,113373,33
6201,2,0,0,4,3,4,Male,18627,0,471,0,0,53443,6,848,2,21451,3,107135,45
6205,1,0,0,4,4,4,Male,16845,0,0,0,0,1469,1,0,0,3291,1,10553,29
6205,2,0,0,4,4,4,Male,9501,0,0,0,0,0,0,0,0,3328,1,8472,25
6226,1,0,0,3,3,4,Male,7115,0,0,0,0,13520,1,0,0,6828,1,55398,21
6226,2,0,0,3,3,4,Male,4969,0,0,0,0,11258,1,0,0,4220,1,57988,25
6230,1,0,0,3,4,4,Male,28659,0,43,0,0,2750,2,0,0,2575,3,38188,29
6230,2,0,0,3,4,4,Male,22162,0,22,0,0,1230,2,0,0,2655,2,35943,24
6247,1,1,0,2,3,3,Male,29968,0,0,0,0,2699,2,4715,2,3793,3,81025,47
6247,2,1,1,2,3,3,Male,35280,1572,0,0,0,0,0,4857,2,3702,4,54293,46
6259,1,0,0,4,3,4,Male,6515,0,2613,0,0,15,1,0,0,1675,2,5641,16
6259,2,0,0,4,3,4,Male,17701,0,3862,0,0,0,0,0,0,3751,2,13924,18
6262,1,0,0,1,2,1,Female,13995,0,814,0,0,0,0,805,2,689,1,39322,46
6262,2,0,0,1,2,1,Female,2150,0,706,0,0,0,0,574,2,654,1,74100,41
6267,1,0,0,4,3,4,Male,0,0,0,0,0,10219,1,0,0,113,1,53180,22
6267,2,0,0,4,3,4,Male,0,0,0,0,0,4419,1,0,0,995,2,34547,17
6289,1,0,0,3,3,4,Female,0,0,0,0,0,0,0,0,0,2592,1,63826,5
6289,2,0,0,3,3,4,Female,0,0,0,0,0,0,0,0,0,197,1,4589,5
6300,1,0,0,4,3,4,Male,10310,0,7144,0,0,598,1,1739,2,4414,1,78737,28
6300,2,0,0,4,3,4,Male,11489,0,6304,0,0,2249,2,1832,2,3313,2,122638,34
6341,1,0,0,5,3,4,Male,1622,0,0,0,0,0,0,124,1,1438,1,2362,7
6341,2,0,0,5,3,4,Male,800,0,0,0,0,0,0,236,1,1155,1,1894,5
6366,1,0,0,5,4,4,Male,624,0,0,0,0,93,1,0,0,620,1,84813,15
6366,2,0,0,5,4,4,Male,317,0,0,0,0,0,0,0,0,506,1,30599,18
6379,1,0,0,2,2,3,Male,2890,0,0,0,0,0,0,108,1,528,1,27791,26
6379,2,0,0,2,2,3,Male,2699,0,0,0,0,0,0,0,0,205,2,13957,22
6390,1,0,0,5,4,4,Male,2155,0,0,0,0,0,0,9148,1,15414,3,80451,24
6390,2,0,0,5,4,4,Male,1122,0,0,0,0,0,0,4754,1,29755,2,78215,24
6398,1,0,0,5,2,4,Female,1073,0,5020,0,0,0,0,0,0,5419,2,8399,14
6398,2,0,0,5,2,4,Female,1671,0,2600,0,0,0,0,10,1,1174,1,3186,13
6420,1,0,0,5,4,4,Male,0,0,0,0,0,0,0,0,0,1698,2,3009,8
6420,2,0,0,5,4,4,Male,0,0,0,0,0,0,0,0,0,1110,2,2326,9
6454,1,0,0,5,2,4,Male,0,0,0,0,0,0,0,0,0,23378,1,31107,12
6454,2,0,0,5,2,4,Male,210,0,0,0,0,0,0,0,0,442,1,20035,12
6456,1,0,0,5,3,2,Male,6474,0,916,0,0,0,0,0,0,6063,2,44255,30
6456,2,0,0,5,3,2,Male,5059,0,852,0,0,0,0,0,0,14413,3,53734,23
6461,1,0,0,5,3,2,Female,5429,0,39,0,0,14455,1,6531,1,2996,2,42366,19
6461,2,0,0,5,3,2,Female,5463,0,9,0,0,2739,1,4607,2,2963,3,28044,22
6483,1,0,0,5,4,4,Male,0,0,0,0,0,0,0,0,0,11651,1,11857,3
6483,2,0,0,5,4,4,Male,0,0,0,0,0,0,0,0,0,794,1,2470,11
6494,1,0,0,5,3,4,Male,2900,0,37,0,0,0,0,3228,4,28963,6,66876,28
6494,2,0,0,5,3,4,Male,3735,0,0,0,0,0,0,2146,6,6750,10,24790,40
6503,1,0,0,5,4,4,Female,726,0,0,0,0,8090,2,0,0,3052,1,67041,29
6503,2,0,0,5,4,4,Female,401,0,0,0,0,26,2,0,0,13898,1,61495,28
6504,1,0,0,5,3,4,Male,15680,0,1161,0,0,4778,2,858,1,25264,2,40362,18
6504,2,0,0,5,3,4,Male,32730,0,0,0,0,329,1,67,1,44798,1,50735,13
6514,1,0,0,5,4,2,Male,267,0,0,0,0,0,0,0,0,3229,2,21121,14
6514,2,0,0,5,4,2,Male,10856,0,0,0,0,0,0,0,0,6878,3,88362,20
6517,1,0,0,5,4,4,Male,3335,0,418,0,0,1702,1,0,0,3847,3,92597,64
6517,2,0,0,5,4,4,Male,3038,0,276,0,0,539,1,0,0,2640,1,79666,55
6524,1,0,0,5,4,4,Female,11227,0,1769,0,0,0,0,0,0,5775,1,34266,25
6524,2,0,0,5,4,4,Female,5677,0,647,0,0,0,0,0,0,5517,1,21573,20
6526,1,0,0,5,4,4,Male,917,0,35,0,0,0,0,0,0,12363,3,52119,22
6526,2,0,0,5,4,4,Male,6087,0,0,0,0,0,0,0,0,7397,4,45688,17
6536,1,0,0,2,2,3,Male,616,0,3,0,0,341,1,0,0,154,3,78029,43
6536,2,0,0,2,2,3,Male,643,0,0,0,0,0,0,0,0,288,3,23020,25
6556,1,0,0,4,3,4,Male,3563,0,0,0,0,326,1,159,1,1538,2,22265,35
6556,2,0,0,4,3,4,Male,15182,0,0,0,0,0,0,0,0,14442,2,64807,27
6559,1,0,0,3,4,4,Female,23740,0,766,0,0,15096,2,196,1,8272,4,73947,38
6559,2,0,0,3,4,4,Female,16601,0,278,0,0,11148,2,7,1,19478,4,86573,36
6571,1,0,0,3,3,4,Female,0,0,0,0,0,0,0,0,0,4508,1,9301,16
6571,2,0,0,3,3,4,Female,0,0,0,0,0,0,0,0,0,5764,2,8763,11
6606,1,0,0,4,4,4,Female,0,0,0,0,0,0,0,0,0,4577,2,47772,17
6606,2,0,0,4,4,4,Female,0,0,0,0,0,0,0,0,0,7042,1,32176,11
6610,1,0,0,3,4,4,Female,27379,0,0,0,0,3012,3,0,0,8995,4,27465,25
6610,2,0,0,3,4,4,Female,11555,0,0,0,0,9561,9,0,0,4712,4,19859,27
6626,1,0,0,4,4,4,Female,0,0,0,0,0,0,0,0,0,4577,2,47772,17
6626,2,0,0,4,4,4,Female,0,0,0,0,0,0,0,0,0,7042,1,32176,11
663,1,0,0,5,4,4,Male,3547,0,4307,0,0,10217,1,0,0,1194,3,15210,17
663,2,0,0,5,4,4,Male,2796,0,538,0,0,5088,1,0,0,589,2,15296,23
6632,1,0,0,4,4,4,Female,528,0,211,0,0,0,0,618,2,120,1,857,6
6632,2,0,0,4,4,4,Female,5901,0,2566,0,0,0,0,9875,3,11036,2,30045,21
6653,1,0,0,2,3,4,Male,10571,0,1491,0,0,16311,3,4134,2,9782,7,111137,51
6653,2,0,0,2,3,4,Male,4707,0,658,0,0,76513,2,2369,3,2011,5,133676,44
6661,1,0,0,2,4,3,Female,34091,0,0,0,0,36287,3,11706,3,1097,2,83175,42
6661,2,0,0,2,4,3,Female,28370,0,0,0,0,30508,3,11260,3,624,1,118687,54
6665,1,0,0,4,3,4,Female,12281,0,0,0,0,0,0,0,0,28747,4,64079,25
6665,2,0,0,4,3,4,Female,15066,0,0,0,0,0,0,0,0,18009,2,64995,20
6682,1,0,0,2,4,4,Male,15206,0,5464,0,0,0,0,4491,2,2789,3,94264,30
6682,2,0,0,2,4,4,Male,38001,0,2833,0,0,0,0,5474,2,2231,5,134583,35
670,1,0,0,3,3,4,Male,4887,0,0,0,0,20969,3,0,0,773,2,24274,20
670,2,0,0,3,3,4,Male,3575,0,0,0,0,26734,5,0,0,1886,2,38869,29
6702,1,0,0,2,4,4,Female,25491,0,6392,0,0,95,2,0,0,5145,3,40535,40
6702,2,0,0,2,4,4,Female,35513,0,6897,0,0,757,1,0,0,2433,4,24175,42
6703,1,1,0,2,4,3,Female,10208,0,4846,0,0,77515,2,48931,3,5846,3,210859,40
6703,2,1,1,2,4,3,Female,3948,135,2819,17,1,49019,1,16293,3,4763,3,209972,40
6706,1,0,0,2,2,4,Female,28649,0,657,0,0,0,0,0,0,1721,4,17347,14
6706,2,0,0,2,2,4,Female,43892,0,1490,0,0,0,0,2262,1,3176,4,12835,17
6717,1,0,0,5,2,2,Male,333,0,0,0,0,0,0,0,0,29576,1,30714,10
6717,2,0,0,5,2,2,Male,48,0,0,0,0,0,0,0,0,33447,1,57225,4
6729,1,0,0,2,3,2,Male,10181,0,0,0,0,51890,5,4839,2,2850,4,125286,36
6729,2,0,0,2,3,2,Male,7667,0,0,0,0,102113,3,3651,2,2103,4,147492,35
6761,1,0,0,2,2,2,Female,1872,0,0,0,0,9325,4,0,0,19283,1,101362,44
6761,2,0,0,2,2,2,Female,300,0,0,150,2,7254,1,0,0,11806,1,58241,26
680,1,0,0,3,3,4,Male,2920,0,0,0,0,160,2,16231,1,2541,1,34555,16
680,2,0,0,3,3,4,Male,1644,0,0,0,0,5071,2,4593,2,1253,2,18106,24
6820,1,0,0,4,2,4,Male,0,0,0,0,0,43,1,9,1,5221,2,30903,27
6820,2,0,0,4,2,4,Male,444,0,0,0,0,534,1,61,1,4305,2,28824,28
6825,1,0,0,5,4,4,Male,187,0,4,0,0,0,0,0,0,14138,2,19658,7
6825,2,0,0,5,4,4,Male,473,0,601,0,0,0,0,3,1,13609,2,16605,9
683,1,0,0,4,3,4,Male,6368,0,3506,0,0,42,1,150,2,6933,2,32915,27
683,2,0,0,4,3,4,Male,3430,0,3149,0,0,0,0,655,2,6002,3,40216,34
6904,1,0,0,4,2,4,Female,7059,0,0,0,0,1102,5,0,0,6861,3,19956,19
6904,2,0,0,4,2,4,Female,5870,0,0,0,0,14888,11,0,0,3224,2,27543,29
6997,1,0,0,2,4,4,Male,0,0,0,0,0,7545,7,0,0,233,2,42705,22
6997,2,0,0,2,4,4,Male,8,0,0,0,0,6159,3,0,0,216,2,29749,21
7008,1,0,0,4,4,4,Male,5136,0,43,0,0,0,0,18,1,6879,2,22119,31
7008,2,0,0,4,4,4,Male,9582,0,13,0,0,0,0,0,0,5666,1,17550,19
7026,1,0,0,4,3,4,Female,12862,0,6883,0,0,0,0,0,0,2517,4,9386,18
7026,2,0,0,4,3,4,Female,14935,0,5830,0,0,0,0,0,0,5129,3,10419,12
703,1,0,0,4,3,4,Male,1788,0,978,0,0,2784,4,2382,1,1984,2,69480,40
703,2,0,0,4,3,4,Male,3201,0,1544,0,0,12347,8,3439,1,1493,2,75452,42
7095,1,0,0,3,4,4,Male,1112,0,1908,0,0,8962,2,2282,2,8896,10,88647,71
7095,2,0,0,3,4,4,Male,1762,0,2225,0,0,0,0,1260,2,8552,6,63963,39
7114,1,0,0,3,2,2,Female,7874,0,7358,0,0,0,0,2596,2,38233,5,63406,25
7114,2,0,0,3,2,2,Female,7056,0,9072,0,0,0,0,9346,3,32777,5,104175,31
7117,1,0,0,4,4,4,Female,10969,0,0,0,0,0,0,4,1,1901,1,5988,15
7117,2,0,0,4,4,4,Female,1723,0,0,0,0,0,0,0,0,4011,1,5365,8
7125,1,0,0,2,3,3,Female,52241,0,0,0,0,14514,3,7768,1,485,2,36143,29
7125,2,0,0,2,3,3,Female,57829,0,0,0,0,6444,2,7500,1,552,2,42351,30
7222,1,0,0,2,4,3,Male,26747,0,0,0,0,0,0,177,1,2376,3,49286,32
7222,2,0,0,2,4,3,Male,22080,0,358,0,0,0,0,36,1,2833,3,65180,35
7243,1,0,0,3,3,4,Male,67,0,93,0,0,19830,5,1094,1,18929,3,56251,31
7243,2,0,0,3,3,4,Male,0,0,147,0,0,30929,2,493,1,5922,2,64916,26
7272,1,0,0,3,2,4,Male,5675,0,246,0,0,23400,1,0,0,4736,3,44676,26
7272,2,0,0,3,2,4,Male,6190,0,777,0,0,17803,2,0,0,2103,1,44248,26
7294,1,0,0,3,4,3,Male,10631,0,0,0,0,2909,3,0,0,2628,1,30149,30
7294,2,0,0,3,4,3,Male,6122,0,0,0,0,3825,3,0,0,3584,1,48185,36
7298,1,0,0,1,1,1,Female,2583,0,0,0,0,4593,4,4883,1,654,1,51721,29
7298,2,0,0,1,1,1,Female,2277,0,0,0,0,0,0,0,0,2438,1,88639,26
730,1,0,0,4,3,4,Male,572,0,1210,0,0,0,0,2037,1,1498,2,78462,18
730,2,0,0,4,3,4,Male,1034,0,5661,0,0,0,0,1004,1,1417,3,96431,15
7313,1,0,0,5,3,4,Male,0,0,0,0,0,821,1,0,0,1687,2,18057,26
7313,2,0,0,5,3,4,Male,0,0,0,0,0,0,0,0,0,2045,1,80349,18
7342,1,0,0,3,3,4,Male,0,0,0,0,0,0,0,0,0,3115,1,73738,17
7342,2,0,0,3,3,4,Male,0,0,0,0,0,0,0,0,0,6858,1,33346,14
7347,1,0,0,2,2,3,Male,5731,0,0,0,0,39188,2,163,1,1866,2,62232,26
7347,2,0,0,2,2,3,Male,4197,0,0,0,0,24703,2,50,1,1219,2,64425,20
7388,1,0,0,4,4,4,Female,482,0,0,0,0,8184,7,0,0,2616,2,14551,23
7388,2,0,0,4,4,4,Female,0,0,0,0,0,14019,1,0,0,35560,2,51186,15
7392,1,0,0,2,3,3,Male,1125,0,0,0,0,961,1,0,0,3547,3,23487,21
7392,2,0,0,2,3,3,Male,1941,0,0,0,0,0,0,0,0,629,1,32511,31
7407,1,0,0,3,3,4,Female,3096,0,544,0,0,0,0,0,0,1464,1,16642,24
7407,2,0,0,3,3,4,Female,4135,0,245,0,0,0,0,0,0,912,1,53615,27
7408,1,0,0,2,2,3,Male,16959,0,0,0,0,31354,1,1332,1,1215,1,83567,25
7408,2,0,0,2,2,3,Male,15175,0,4,0,0,52854,2,1267,1,399,1,114228,20
7410,1,0,0,4,4,4,Female,0,0,0,0,0,0,0,0,0,4577,2,47772,17
7410,2,0,0,4,4,4,Female,0,0,0,0,0,0,0,0,0,7042,1,32176,11
7455,1,1,0,3,3,4,Female,4944,0,175,0,0,18027,2,0,0,6985,2,104512,35
7455,2,1,1,3,3,4,Female,3187,138,977,0,0,15024,2,0,0,3180,2,91932,34
7471,1,0,0,1,3,1,Female,1137,0,76,0,0,0,0,0,0,1571,2,4754,15
7471,2,0,0,1,3,1,Female,1154,0,2242,0,0,0,0,16,1,1644,1,10388,26
7515,1,0,0,2,4,3,Male,57060,0,0,0,0,0,0,23488,1,1524,3,36657,27
7515,2,0,0,2,4,3,Male,22985,0,0,0,0,0,0,40899,1,25783,2,77840,29
7528,1,0,0,1,3,1,Male,3715,0,0,0,0,21661,4,10155,1,2841,2,57741,32
7528,2,0,0,1,3,1,Male,2681,0,0,0,0,31932,6,8354,1,906,3,54101,39
7578,1,0,0,1,3,1,Male,3715,0,0,0,0,21661,4,10155,1,2841,2,57741,32
7578,2,0,0,1,3,1,Male,2681,0,0,0,0,31932,6,8354,1,906,3,54101,39
7581,1,0,0,1,2,1,Female,13995,0,814,0,0,0,0,805,2,689,1,39322,46
7581,2,0,0,1,2,1,Female,2150,0,706,0,0,0,0,574,2,654,1,74100,41
7587,1,0,0,2,3,3,Male,51436,0,0,0,0,2018,3,10981,1,892,3,55254,44
7587,2,0,0,2,3,3,Male,31352,0,0,67,1,39693,3,6125,1,1344,2,91663,44
7622,1,0,0,2,2,3,Female,6496,0,0,0,0,10278,8,0,0,339,2,51081,38
7622,2,0,0,2,2,3,Female,2102,0,0,0,0,1359,7,0,0,2533,3,81689,42
763,1,0,0,3,3,4,Male,2237,0,379,0,0,0,0,0,0,1424,2,13942,21
763,2,0,0,3,3,4,Male,1134,0,0,0,0,0,0,0,0,1481,2,34306,19
7633,1,0,0,1,3,1,Female,6879,0,9133,0,0,0,0,122,3,5985,1,18816,31
7633,2,0,0,1,3,1,Female,11444,0,8431,0,0,109,2,10355,6,3321,3,41415,44
7654,1,0,0,2,3,4,Female,3705,0,0,0,0,12005,4,0,0,4722,2,21620,29
7654,2,0,0,2,3,4,Female,634,0,0,0,0,13888,3,0,0,12442,3,39333,25
7677,1,0,0,5,1,2,Male,115,0,0,0,0,0,0,0,0,2248,3,3644,8
7677,2,0,0,5,1,2,Male,18,0,0,0,0,0,0,0,0,2458,3,4441,11
771,1,1,0,4,4,4,Male,15173,0,1134,0,0,66299,2,0,0,1288,1,79300,24
771,2,1,1,4,4,4,Male,2924,275,948,0,0,97958,4,0,0,4315,3,123159,36
7768,1,0,0,2,3,1,Male,51436,0,0,0,0,2018,3,10981,1,892,3,55254,44
7768,2,0,0,2,3,1,Male,31352,0,0,67,1,39693,3,6125,1,1344,2,91663,44
7794,1,0,0,5,2,2,Male,333,0,0,0,0,0,0,0,0,29576,1,30714,10
7794,2,0,0,5,2,2,Male,48,0,0,0,0,0,0,0,0,33447,1,57225,4
7795,1,0,0,2,4,3,Female,21775,0,0,0,0,20846,2,16173,2,1876,1,68834,30
7795,2,0,0,2,4,3,Female,28310,0,0,0,0,13766,2,21236,2,1739,1,55958,25
784,1,0,0,4,3,4,Male,5393,0,0,0,0,0,0,0,0,12783,3,29169,20
784,2,0,0,4,3,4,Male,6100,0,0,0,0,0,0,0,0,12700,3,24232,26
7931,1,0,0,4,3,2,Male,549,0,0,0,0,1763,2,3009,1,1028,1,26320,25
7931,2,0,0,4,3,2,Male,353,0,0,0,0,156,1,1639,1,1042,1,8336,21
7968,1,0,0,2,2,4,Female,1699,0,2527,0,0,0,0,0,0,1959,1,28145,21
7968,2,0,0,2,2,4,Female,3314,0,2608,0,0,0,0,0,0,2808,1,27023,34
8020,1,0,0,1,3,1,Male,3715,0,0,0,0,21661,4,10155,1,2841,2,57741,32
8020,2,0,0,1,3,1,Male,2681,0,0,0,0,31932,6,8354,1,906,3,54101,39
8037,1,0,0,1,4,1,Male,28386,0,9053,0,0,5805,3,30,1,752,2,48545,23
8037,2,0,0,1,4,1,Male,46243,0,24422,0,0,589,3,0,0,176,3,45713,23
8078,1,0,0,1,3,1,Female,12334,0,4322,0,0,9824,1,4755,2,1166,3,120682,24
8078,2,0,0,1,3,1,Female,73185,0,8162,0,0,5514,1,28759,3,3226,3,113009,35
8108,1,0,0,4,4,4,Male,0,0,0,0,0,15289,2,3,1,15865,1,74793,28
8108,2,0,0,4,4,4,Male,0,0,0,0,0,9781,2,0,0,12483,1,98320,23
8128,1,0,0,2,2,4,Male,36499,0,102,0,0,35665,2,4848,2,325,1,59007,21
8128,2,0,0,2,2,4,Male,38656,0,0,0,0,0,0,2252,2,517,2,18793,21
8141,1,0,0,1,3,1,Male,3715,0,0,0,0,21661,4,10155,1,2841,2,57741,32
8141,2,0,0,1,3,1,Male,2681,0,0,0,0,31932,6,8354,1,906,3,54101,39
8158,1,0,0,4,1,2,Male,9303,0,1374,0,0,0,0,0,0,44,1,6507,19
8158,2,0,0,4,1,2,Male,8978,0,4999,0,0,0,0,0,0,347,1,15300,21
8180,1,0,0,2,3,3,Female,72795,0,499,0,0,0,0,46897,2,3243,3,70529,34
8180,2,0,0,2,3,3,Female,41142,0,27,0,0,0,0,28376,2,3276,3,46017,30
8197,1,0,0,3,4,4,Female,33387,0,10260,0,0,0,0,426,2,2682,1,23758,22
8197,2,0,0,3,4,4,Female,15687,0,9853,0,0,0,0,1519,2,1304,1,24022,22
8205,1,0,0,1,3,1,Male,572,0,3526,0,0,25,1,0,0,4756,1,36084,20
8205,2,0,0,1,3,1,Male,3623,0,4206,0,0,698,1,0,0,2868,1,30517,22
832,1,0,0,5,4,4,Male,267,0,0,0,0,0,0,0,0,3229,2,21121,14
832,2,0,0,5,4,4,Male,10856,0,0,0,0,0,0,0,0,6878,3,88362,20
8400,1,0,0,2,3,3,Male,51436,0,0,0,0,2018,3,10981,1,892,3,55254,44
8400,2,0,0,2,3,3,Male,31352,0,0,67,1,39693,3,6125,1,1344,2,91663,44
8480,1,0,0,2,3,3,Male,51436,0,0,0,0,2018,3,10981,1,892,3,55254,44
8480,2,0,0,2,3,3,Male,31352,0,0,67,1,39693,3,6125,1,1344,2,91663,44
8491,1,0,0,2,2,3,Male,18623,0,118,0,0,0,0,6861,1,1100,2,44578,27
8491,2,0,0,2,2,3,Male,27163,0,254,0,0,922,1,9266,1,353,1,58062,28
8526,1,0,0,2,3,3,Male,1125,0,0,0,0,961,1,0,0,3547,3,23487,21
8526,2,0,0,2,3,3,Male,1941,0,0,0,0,0,0,0,0,629,1,32511,31
8593,1,0,0,4,3,4,Male,6938,0,482,0,0,0,0,0,0,28359,2,75723,28
8593,2,0,0,4,3,4,Male,4919,0,171,0,0,0,0,0,0,4870,2,39291,20
8632,1,0,0,2,3,4,Female,8093,0,677,0,0,0,0,62,1,966,1,18786,19
8632,2,0,0,2,3,4,Female,29870,0,606,0,0,0,0,0,0,2199,1,9102,19
8634,1,0,0,5,3,4,Female,11239,0,0,0,0,0,0,0,0,10412,3,16225,14
8634,2,0,0,5,3,4,Female,9377,0,0,0,0,0,0,0,0,7897,4,17068,18
8693,1,0,0,2,3,3,Female,36028,0,0,0,0,0,0,1977,1,1581,1,34479,23
8693,2,0,0,2,3,3,Female,48992,0,321,0,0,0,0,0,0,467,1,43947,20
8756,1,0,0,3,2,2,Male,0,0,0,0,0,55111,6,0,0,1881,1,107393,38
8756,2,0,0,3,2,2,Male,0,0,0,0,0,97666,9,0,0,1405,2,176627,38
877,1,0,0,4,4,2,Male,2009,0,391,0,0,1959,2,79,1,11624,4,36460,30
877,2,0,0,4,4,2,Male,5059,0,1324,0,0,12973,5,259,1,2260,6,34258,48
8776,1,1,0,3,3,4,Female,4944,0,175,0,0,18027,2,0,0,6985,2,104512,35
8776,2,1,1,3,3,4,Female,3187,138,977,0,0,15024,2,0,0,3180,2,91932,34
8818,1,1,0,3,3,4,Female,4944,0,175,0,0,18027,2,0,0,6985,2,104512,35
8818,2,1,1,3,3,4,Female,3187,138,977,0,0,15024,2,0,0,3180,2,91932,34
887,1,0,0,3,4,4,Male,3484,0,895,0,0,19285,2,429,1,4092,1,32448,19
887,2,0,0,3,4,4,Male,1918,0,1468,0,0,41330,1,131,1,3160,1,56602,16
8912,1,0,0,4,3,4,Female,14672,0,240,0,0,52,1,0,0,1297,1,18121,21
8912,2,0,0,4,3,4,Female,13953,0,533,0,0,0,0,0,0,3973,1,14797,12
8933,1,0,0,3,3,4,Female,6556,0,164,0,0,23352,1,4659,2,4275,2,53187,32
8933,2,0,0,3,3,4,Female,4252,0,317,0,0,13144,2,2360,2,2982,2,35955,23
8949,1,0,0,2,3,4,Male,100713,0,0,0,0,0,0,0,0,2894,2,19269,26
8949,2,0,0,2,3,4,Male,136042,0,0,0,0,0,0,0,0,564,2,35742,33
9040,1,0,0,3,4,4,Male,43109,0,26,0,0,232,1,3682,1,2748,2,28303,37
9040,2,0,0,3,4,4,Male,15736,0,0,0,0,0,0,5052,2,1206,2,43259,33
9049,1,0,0,3,4,4,Female,2122,0,2803,0,0,377,1,8343,1,6319,5,40328,24
9049,2,0,0,3,4,4,Female,2384,0,1520,0,0,0,0,5674,1,8976,3,52822,26
9058,1,0,0,3,4,4,Male,13910,0,3621,0,0,0,0,0,0,6251,3,41391,28
9058,2,0,0,3,4,4,Male,20905,0,3804,0,0,0,0,0,0,10412,4,47635,25
9062,1,0,0,3,2,4,Male,0,0,0,0,0,0,0,0,0,34903,1,38530,5
9062,2,0,0,3,2,4,Male,0,0,0,0,0,0,0,0,0,220,1,545,3
9086,1,0,0,4,2,4,Male,3789,0,689,0,0,0,0,131,2,4994,2,65302,31
9086,2,0,0,4,2,4,Male,14461,0,896,0,0,0,0,61,1,6243,3,67678,31
9088,1,0,0,4,3,4,Male,0,0,0,0,0,26002,7,671,2,4625,4,74774,52
9088,2,0,0,4,3,4,Male,0,0,0,0,0,5047,4,242,1,920,2,6721,13
9093,1,0,0,3,3,4,Male,11248,0,160,0,0,14938,2,0,0,2813,4,81703,29
9093,2,0,0,3,3,4,Male,7627,0,3005,0,0,27808,3,223,1,3890,3,109422,34
9121,1,0,0,2,3,3,Male,6558,0,436,0,0,15,1,1679,2,135,2,95140,34
9121,2,0,0,2,3,3,Male,2031,0,0,0,0,1523,1,1181,2,108,1,95934,21
9165,1,0,0,2,3,3,Female,29910,0,184,0,0,0,0,8589,1,2428,2,98963,35
9165,2,0,0,2,3,3,Female,77261,0,0,0,0,0,0,13132,1,4130,2,69295,21
9193,1,0,0,3,3,4,Female,2770,0,0,0,0,0,0,0,0,2080,2,5738,16
9193,2,0,0,3,3,4,Female,2468,0,0,0,0,0,0,0,0,232,2,3949,18
925,1,0,0,3,3,4,Male,0,0,0,0,0,0,0,0,0,795,2,39094,24
925,2,0,0,3,3,4,Male,0,0,0,0,0,0,0,0,0,1257,2,27473,24
9314,1,0,0,2,3,4,Female,46456,0,2203,0,0,1487,2,4378,2,2882,2,32092,40
9314,2,0,0,2,3,4,Female,75346,0,1921,0,0,131,1,3445,2,2229,2,24713,39
9374,1,0,0,5,3,4,Male,255,0,6350,0,0,2449,1,3400,1,23883,3,39567,17
9374,2,0,0,5,3,4,Male,0,0,671,0,0,0,0,1197,1,299,1,2434,10
9390,1,0,0,5,2,2,Female,21324,0,83,0,0,6005,1,0,0,3912,3,14254,19
9390,2,0,0,5,2,2,Female,18530,0,0,0,0,1233,1,0,0,3895,1,10059,13
9405,1,0,0,5,3,4,Male,23809,0,0,0,0,0,0,0,0,2046,2,11384,22
9405,2,0,0,5,3,4,Male,2621,0,0,0,0,0,0,0,0,1631,1,28968,14
9459,1,0,0,3,3,4,Female,22663,0,6911,0,0,0,0,0,0,7768,2,158297,15
9459,2,0,0,3,3,4,Female,6288,0,6778,0,0,0,0,0,0,3915,1,212010,19
9482,1,0,0,2,2,3,Male,286,0,0,0,0,0,0,0,0,82,1,674,5
9482,2,0,0,2,2,3,Male,1030,0,0,0,0,7153,3,0,0,18,1,10547,15
949,1,0,0,3,4,3,Male,10631,0,0,0,0,2909,3,0,0,2628,1,30149,30
949,2,0,0,3,4,3,Male,6122,0,0,0,0,3825,3,0,0,3584,1,48185,36
9545,1,0,0,2,3,3,Male,51436,0,0,0,0,2018,3,10981,1,892,3,55254,44
9545,2,0,0,2,3,3,Male,31352,0,0,67,1,39693,3,6125,1,1344,2,91663,44
9617,1,0,0,4,3,4,Male,34712,0,2965,0,0,0,0,0,0,7656,1,21734,12
9617,2,0,0,4,3,4,Male,31542,0,1317,0,0,0,0,0,0,1904,1,32030,12
9625,1,1,0,3,4,4,Female,19543,0,1015,0,0,0,0,2634,1,857,2,8803,19
9625,2,1,1,3,4,4,Female,80772,25351,15937,3204,1,0,0,3459,1,4328,2,37415,29
9641,1,1,0,2,3,3,Female,63610,0,1471,0,0,15938,5,8974,2,1439,2,59546,49
9641,2,1,1,2,3,3,Female,78699,512,930,1158,1,11134,2,6526,2,1486,2,58872,46
9747,1,0,0,2,2,3,Female,4449,0,0,0,0,16787,3,478,1,299,1,27485,21
9747,2,0,0,2,2,3,Female,180,0,0,0,0,1592,1,317,1,311,1,3049,8
9751,1,1,0,2,3,3,Female,63610,0,1471,0,0,15938,5,8974,2,1439,2,59546,49
9751,2,1,1,2,3,3,Female,78699,512,930,1158,1,11134,2,6526,2,1486,2,58872,46
9811,1,0,0,1,3,1,Male,3715,0,0,0,0,21661,4,10155,1,2841,2,57741,32
9811,2,0,0,1,3,1,Male,2681,0,0,0,0,31932,6,8354,1,906,3,54101,39
9835,1,0,0,3,4,3,Male,10631,0,0,0,0,2909,3,0,0,2628,1,30149,30
9835,2,0,0,3,4,3,Male,6122,0,0,0,0,3825,3,0,0,3584,1,48185,36
9840,1,0,0,2,3,3,Male,1125,0,0,0,0,961,1,0,0,3547,3,23487,21
9840,2,0,0,2,3,3,Male,1941,0,0,0,0,0,0,0,0,629,1,32511,31
9884,1,0,0,4,4,4,Male,0,0,0,0,0,150,2,0,0,5080,1,10971,13
9884,2,0,0,4,4,4,Male,787,0,12,0,0,1146,2,0,0,7515,1,15493,13
9909,1,0,0,5,2,2,Male,0,0,0,0,0,0,0,0,0,2781,1,15613,6
9909,2,0,0,5,2,2,Male,7,0,0,0,0,0,0,0,0,525,2,585,4
9960,1,0,0,1,3,1,Female,23190,0,0,0,0,1288,2,42184,5,3277,4,66621,38
9960,2,0,0,1,3,1,Female,15825,0,0,0,0,611,1,57089,5,1384,2,105341,42
